City_ID,City,Lat,Lng,Max Temp,Humidity,Cloudiness,Wind Speed,Country,Date
0,Port Elizabeth,-33.918,25.5701,73.69,94,75,12.66,ZA,2022-02-12 19:03:21
1,Romitan,39.9343,64.3814,33.75,80,0,6.91,UZ,2022-02-12 19:03:22
2,Saint Anthony,45.0205,-93.218,4.28,63,100,6.91,US,2022-02-12 19:03:22
3,Mnogovershinnyy,53.9353,139.9242,6.12,98,100,3.18,RU,2022-02-12 19:03:23
4,Cape Town,-33.9258,18.4232,70.27,78,100,1.99,ZA,2022-02-12 19:03:23
5,Vaini,-21.2,-175.2,80.76,89,20,4.61,TO,2022-02-12 19:03:24
6,Rikitea,-23.1203,-134.9692,79.02,70,3,17.0,PF,2022-02-12 19:03:24
7,Eydhafushi,5.1033,73.0708,81.14,75,100,8.37,MV,2022-02-12 19:03:25
8,Kruisfontein,-34.0033,24.7314,71.38,94,87,5.17,ZA,2022-02-12 19:03:25
9,Port Blair,11.6667,92.75,76.37,72,13,13.6,IN,2022-02-12 19:03:26
10,Jamestown,42.097,-79.2353,31.32,63,100,9.22,US,2022-02-12 19:02:15
11,Cabo San Lucas,22.8909,-109.9124,83.61,46,0,3.0,MX,2022-02-12 19:02:12
12,Albany,42.6001,-73.9662,50.23,58,59,7.0,US,2022-02-12 18:59:40
13,Saquarema,-22.92,-42.5103,80.64,81,35,8.63,BR,2022-02-12 19:03:27
14,Padang,-0.9492,100.3543,76.86,82,96,3.67,ID,2022-02-12 19:00:28
15,Matagami,49.7502,-77.6328,-14.69,70,0,13.8,CA,2022-02-12 19:03:28
16,Krasnoselkup,65.7,82.4667,-6.47,91,6,12.17,RU,2022-02-12 19:03:28
17,Lagoa,39.05,-27.9833,60.17,88,100,22.66,PT,2022-02-12 19:03:29
18,Ribeira Grande,38.5167,-28.7,63.0,82,75,20.71,PT,2022-02-12 19:03:29
19,Namibe,-15.1961,12.1522,76.23,80,83,7.78,AO,2022-02-12 19:03:30
20,Ust-Nera,64.5667,143.2,-35.39,99,60,2.57,RU,2022-02-12 19:03:30
21,Punta Arenas,-53.15,-70.9167,57.31,44,40,35.68,CL,2022-02-12 19:03:30
22,Souillac,-20.5167,57.5167,78.37,86,10,10.29,MU,2022-02-12 19:03:31
23,Butaritari,3.0707,172.7902,82.74,69,99,15.97,KI,2022-02-12 19:00:04
24,Kapaa,22.0752,-159.319,75.18,81,100,4.61,US,2022-02-12 19:03:32
25,Mataura,-46.1927,168.8643,50.49,92,92,2.82,NZ,2022-02-12 19:00:26
26,Vardo,70.3705,31.1107,25.74,71,15,13.0,NO,2022-02-12 19:03:33
27,Tiarei,-17.5333,-149.3333,84.22,73,74,14.76,PF,2022-02-12 19:03:33
28,Port Alfred,-33.5906,26.891,75.87,91,1,13.15,ZA,2022-02-12 19:01:08
29,Castro,-24.7911,-50.0119,80.06,44,17,1.99,BR,2022-02-12 19:03:34
30,Tuktoyaktuk,69.4541,-133.0374,-30.75,98,20,4.79,CA,2022-02-12 19:03:34
31,Ancud,-41.8697,-73.8203,80.22,61,84,5.23,CL,2022-02-12 19:01:51
32,Tiksi,71.6872,128.8694,-8.57,90,88,16.67,RU,2022-02-12 19:03:35
33,Khelyulya,61.7333,30.6833,25.18,93,37,8.68,RU,2022-02-12 19:03:36
34,La Ronge,55.1001,-105.2842,-10.95,53,40,3.44,CA,2022-02-12 18:59:49
35,Gizo,-8.103,156.8419,80.85,73,100,3.62,SB,2022-02-12 19:03:36
36,Ostrovnoy,68.0531,39.5131,11.75,94,60,8.52,RU,2022-02-12 19:03:37
37,Ushuaia,-54.8,-68.3,51.96,43,3,10.83,AR,2022-02-12 19:01:36
38,Ilo,-17.6394,-71.3375,74.7,67,90,9.48,PE,2022-02-12 19:03:37
39,Port Moresby,-9.4431,147.1797,74.16,84,35,3.76,PG,2022-02-12 19:03:38
40,Conde,-7.2597,-34.9075,85.46,70,75,10.36,BR,2022-02-12 19:03:38
41,Lodja,-3.4833,23.4333,72.14,89,79,0.63,CD,2022-02-12 19:03:39
42,Santa Maria,-29.6842,-53.8069,70.23,94,100,2.93,BR,2022-02-12 19:03:39
43,Saint George,37.1041,-113.5841,64.87,20,0,3.44,US,2022-02-12 19:03:40
44,Romny,50.751,33.4747,23.05,91,6,7.43,UA,2022-02-12 19:04:40
45,Avarua,-21.2078,-159.775,78.85,89,100,2.3,CK,2022-02-12 19:04:41
46,Northam,51.0333,-4.2167,49.01,96,100,20.85,GB,2022-02-12 19:04:41
47,Bredasdorp,-34.5322,20.0403,68.29,76,100,5.37,ZA,2022-02-12 19:04:42
48,Carthage,36.8611,10.3316,53.13,76,20,5.75,TN,2022-02-12 19:04:42
49,Amapa,1.0,-52.0,81.45,76,93,4.25,BR,2022-02-12 19:04:43
50,Zhigansk,66.7697,123.3711,-33.65,100,83,3.96,RU,2022-02-12 19:04:43
51,Anadyr,64.75,177.4833,-38.43,99,64,6.85,RU,2022-02-12 19:03:20
52,Evensk,61.95,159.2333,-12.33,74,19,6.93,RU,2022-02-12 19:04:44
53,Salalah,17.0151,54.0924,75.29,64,75,6.91,OM,2022-02-12 19:04:44
54,Hornostayivka,47.0078,33.729,36.93,65,100,18.41,UA,2022-02-12 19:04:45
55,Iralaya,15.0,-83.2333,84.29,69,35,12.41,HN,2022-02-12 19:04:45
56,Naxos,37.1056,25.3764,56.3,78,100,7.0,GR,2022-02-12 19:00:20
57,Olafsvik,64.8945,-23.7142,26.69,71,41,19.6,IS,2022-02-12 19:04:46
58,Broome,42.2506,-75.833,43.21,59,75,14.97,US,2022-02-12 19:04:47
59,Grand Gaube,-20.0064,57.6608,78.39,83,8,3.0,MU,2022-02-12 19:04:47
60,Sao Filipe,14.8961,-24.4956,79.41,44,54,20.58,CV,2022-02-12 19:04:48
61,Busselton,-33.65,115.3333,56.08,74,0,12.41,AU,2022-02-12 19:04:48
62,Bethel,41.3712,-73.414,57.02,50,97,5.01,US,2022-02-12 18:59:52
63,Cidreira,-30.1811,-50.2056,78.76,69,1,18.14,BR,2022-02-12 19:04:49
64,East London,-33.0153,27.9116,77.43,86,0,12.86,ZA,2022-02-12 19:04:50
65,Hobart,-42.8794,147.3294,57.25,76,100,6.91,AU,2022-02-12 19:00:23
66,Arraial Do Cabo,-22.9661,-42.0278,80.46,69,75,8.05,BR,2022-02-12 19:04:51
67,Kurilsk,45.2333,147.8833,27.75,87,100,3.22,RU,2022-02-12 19:04:52
68,Peniche,39.3558,-9.3811,57.61,82,43,9.75,PT,2022-02-12 19:04:52
69,Liku,-0.7275,119.8922,72.95,97,100,1.61,ID,2022-02-12 19:04:52
70,Hilo,19.7297,-155.09,77.25,69,0,1.99,US,2022-02-12 19:00:48
71,Eureka,40.8021,-124.1637,71.2,71,0,1.99,US,2022-02-12 19:04:53
72,Henties Bay,-22.116,14.2845,71.85,80,77,6.2,NA,2022-02-12 19:00:25
73,Piacabucu,-10.4056,-36.4344,85.39,63,5,15.1,BR,2022-02-12 19:04:54
74,Dunmore East,52.1514,-6.9861,49.68,94,100,16.04,IE,2022-02-12 19:04:55
75,Dikson,73.5069,80.5464,-2.11,77,100,27.42,RU,2022-02-12 19:01:09
76,Mingshui,36.7167,117.5,35.85,77,100,5.59,CN,2022-02-12 19:04:55
77,Yellowknife,62.456,-114.3525,-12.71,83,26,1.99,CA,2022-02-12 19:01:01
78,Benjamin Constant,-4.3831,-70.0311,82.45,74,75,4.61,BR,2022-02-12 19:04:56
79,Taywarah,33.35,64.4167,21.15,50,62,3.51,AF,2022-02-12 19:04:57
80,Saint-Philippe,-21.3585,55.7679,78.35,85,19,10.4,RE,2022-02-12 19:04:57
81,Kaitangata,-46.2817,169.8464,50.94,72,100,9.13,NZ,2022-02-12 19:04:58
82,Xining,36.6167,101.7667,12.15,68,100,1.95,CN,2022-02-12 19:04:58
83,Gamba,-2.65,10.0,78.62,87,100,5.82,GA,2022-02-12 19:04:59
84,Koshurnikovo,54.1667,93.3,-13.95,100,23,2.62,RU,2022-02-12 19:05:00
85,Barrow,71.2906,-156.7887,-28.01,100,96,7.45,US,2022-02-12 19:00:02
86,Seminole,28.7086,-81.2081,84.56,39,0,1.99,US,2022-02-12 19:05:00
87,Alofi,-19.0595,-169.9187,81.95,74,86,17.69,NU,2022-02-12 19:05:01
88,Saskylakh,71.9167,114.0833,0.48,75,44,12.06,RU,2022-02-12 19:06:02
89,Kavaratti,10.5669,72.642,80.64,71,5,8.43,IN,2022-02-12 19:06:03
90,Mount Gambier,-37.8333,140.7667,64.42,50,100,7.34,AU,2022-02-12 19:06:03
91,Carauari,-4.8828,-66.8958,89.06,60,92,1.61,BR,2022-02-12 19:06:04
92,Qaanaaq,77.484,-69.3632,-20.29,47,0,8.5,GL,2022-02-12 19:06:04
93,Klaksvik,62.2266,-6.589,40.12,88,100,9.86,FO,2022-02-12 19:06:05
94,Paka,4.6374,103.4368,75.18,87,65,6.6,MY,2022-02-12 19:06:05
95,Bluff,-46.6,168.3333,50.81,68,100,13.96,NZ,2022-02-12 19:06:06
96,Petauke,-14.2426,31.3253,64.0,96,66,3.78,ZM,2022-02-12 19:06:06
97,Ilulissat,69.2167,-51.1,24.82,86,75,23.02,GL,2022-02-12 19:01:17
98,Belaya Gora,68.5333,146.4167,-23.44,91,100,6.08,RU,2022-02-12 19:06:07
99,Tam Ky,15.5667,108.4833,75.18,92,90,4.9,VN,2022-02-12 19:06:07
100,Chor,25.5167,69.7667,66.02,29,0,8.93,PK,2022-02-12 19:06:08
101,Lebu,-37.6167,-73.65,67.86,60,31,12.28,CL,2022-02-12 19:01:40
102,Kokopo,-4.352,152.2633,76.15,88,100,6.17,PG,2022-02-12 19:06:09
103,Lujan,-34.5703,-59.105,74.01,53,0,5.01,AR,2022-02-12 19:06:09
104,Hermanus,-34.4187,19.2345,68.81,86,100,8.14,ZA,2022-02-12 19:06:10
105,Burgos,42.3394,-3.7079,43.21,81,20,5.75,ES,2022-02-12 19:06:10
106,Bandarbeyla,9.4942,50.8122,76.42,66,100,12.88,SO,2022-02-12 19:06:11
107,Karasburg,-28.0167,18.75,69.17,74,100,17.83,NA,2022-02-12 19:06:11
108,Dubovka,49.0583,44.829,31.15,99,100,7.16,RU,2022-02-12 19:06:12
109,Puerto Ayora,-0.7393,-90.3518,87.76,84,100,4.0,EC,2022-02-12 19:06:12
110,Boissevain,49.2306,-100.0559,9.05,87,100,11.05,CA,2022-02-12 19:06:13
111,Beringovskiy,63.05,179.3167,-25.98,95,11,7.65,RU,2022-02-12 19:06:13
112,Manzhouli,49.6,117.4333,-19.17,99,52,3.74,CN,2022-02-12 19:06:14
113,Victoria,22.2855,114.1577,65.25,88,100,8.01,HK,2022-02-12 19:06:14
114,Ambositra,-20.5167,47.25,62.51,88,95,4.27,MG,2022-02-12 19:06:15
115,Ambilobe,-13.2,49.05,72.34,97,74,2.82,MG,2022-02-12 19:06:16
116,Coihaique,-45.5752,-72.0662,84.81,36,0,4.61,CL,2022-02-12 19:05:58
117,Etchoropo,26.7667,-109.6667,74.19,35,100,9.13,MX,2022-02-12 19:06:16
118,Dingle,10.9995,122.6711,74.43,92,36,8.39,PH,2022-02-12 19:06:17
119,Jardim,-21.4803,-56.1381,99.72,22,98,4.99,BR,2022-02-12 19:06:17
120,Nikolskoye,59.7035,30.7861,34.72,96,100,12.12,RU,2022-02-12 19:06:18
121,Preobrazheniye,42.9019,133.9064,14.76,65,1,7.05,RU,2022-02-12 19:06:18
122,Karratha,-20.7377,116.8463,85.89,66,100,2.04,AU,2022-02-12 19:06:19
123,Yar-Sale,66.8333,70.8333,-8.1,91,100,14.85,RU,2022-02-12 19:06:19
124,Yulara,-25.2406,130.9889,69.64,43,0,6.91,AU,2022-02-12 19:06:20
125,Luwingu,-10.2621,29.9271,62.91,96,98,1.83,ZM,2022-02-12 19:06:20
126,Gardabani,41.4605,45.0928,44.69,47,63,3.8,GE,2022-02-12 19:06:21
127,Klyuchi,52.2667,79.1667,15.78,94,100,11.48,RU,2022-02-12 19:06:21
128,Pangnirtung,66.1451,-65.7125,-2.2,78,100,5.75,CA,2022-02-12 19:06:22
129,Lakatoro,-16.0999,167.4164,78.75,86,100,1.77,VU,2022-02-12 19:06:22
130,Korla,41.7597,86.1469,29.62,45,99,8.14,CN,2022-02-12 19:06:23
131,Polkowice,51.5039,16.0726,33.01,80,64,5.73,PL,2022-02-12 19:07:23
132,Thompson,55.7435,-97.8558,-3.33,77,26,8.16,CA,2022-02-12 19:07:24
133,Okhotsk,59.3833,143.3,-13.99,81,9,9.46,RU,2022-02-12 19:07:24
134,Puerto Del Rosario,28.5004,-13.8627,67.68,77,20,9.22,ES,2022-02-12 19:04:28
135,Tuatapere,-46.1333,167.6833,50.83,79,100,7.29,NZ,2022-02-12 19:07:25
136,Kodiak,57.79,-152.4072,38.71,65,0,11.5,US,2022-02-12 19:07:26
137,Mikhaylovka,50.06,43.2379,31.78,95,100,8.77,RU,2022-02-12 19:07:26
138,Raudeberg,61.9875,5.1352,41.67,92,100,7.0,NO,2022-02-12 19:07:27
139,Cherskiy,68.75,161.3,-21.23,98,100,10.2,RU,2022-02-12 19:07:27
140,Pa Sang,18.5262,98.9394,73.11,35,45,1.12,TH,2022-02-12 19:07:28
141,Mount Isa,-20.7333,139.5,73.17,94,4,5.75,AU,2022-02-12 19:07:28
142,Bundaberg,-24.85,152.35,68.29,88,40,6.91,AU,2022-02-12 19:07:29
143,Pevek,69.7008,170.3133,-23.31,98,100,9.42,RU,2022-02-12 19:07:29
144,Sisimiut,66.9395,-53.6735,12.31,84,100,28.86,GL,2022-02-12 19:07:31
145,Hambantota,6.1241,81.1185,75.54,100,40,6.91,LK,2022-02-12 19:07:31
146,Poum,-20.2333,164.0167,80.71,75,100,2.98,NC,2022-02-12 19:07:32
147,Srednekolymsk,67.45,153.6833,-31.97,98,95,7.25,RU,2022-02-12 19:07:32
148,Airai,-8.9266,125.4092,58.84,93,71,2.42,TL,2022-02-12 19:07:33
149,Georgetown,5.4112,100.3354,82.33,72,20,3.44,MY,2022-02-12 19:06:52
150,Araouane,18.9048,-3.5265,67.91,14,0,9.26,ML,2022-02-12 19:07:34
151,Encheng,22.1839,112.3026,65.97,74,100,3.87,CN,2022-02-12 19:07:34
152,Urumqi,43.801,87.6005,9.55,92,75,2.24,CN,2022-02-12 19:06:02
153,Sakakah,29.9697,40.2064,52.38,35,0,4.92,SA,2022-02-12 19:07:35
154,New Norfolk,-42.7826,147.0587,56.91,68,100,3.2,AU,2022-02-12 19:07:35
155,Antalaha,-14.9003,50.2788,74.7,89,44,6.44,MG,2022-02-12 19:07:36
156,Kuandian,40.7286,124.7847,22.23,65,100,4.94,CN,2022-02-12 19:05:18
157,Jejuri,18.2833,74.1667,69.6,37,50,2.3,IN,2022-02-12 19:07:36
158,Hithadhoo,-0.6,73.0833,81.5,68,100,9.35,MV,2022-02-12 19:07:37
159,Guerrero Negro,27.9769,-114.0611,73.0,31,100,2.64,MX,2022-02-12 19:07:37
160,Shelburne,44.0787,-80.2041,18.12,75,100,13.04,CA,2022-02-12 19:07:38
161,Sorong,-0.8833,131.25,79.77,81,100,7.27,ID,2022-02-12 19:07:39
162,Plouzane,48.3833,-4.6167,48.25,81,100,13.8,FR,2022-02-12 19:07:39
163,Dicabisagan,17.0818,122.4157,74.59,89,57,3.38,PH,2022-02-12 19:07:39
164,Severo-Kurilsk,50.6789,156.125,17.78,77,31,1.99,RU,2022-02-12 19:06:47
165,Dhidhdhoo,6.8833,73.1,81.3,74,100,5.82,MV,2022-02-12 19:07:40
166,Puerto Madryn,-42.7692,-65.0385,76.86,25,96,8.12,AR,2022-02-12 19:07:40
167,Dunedin,-45.8742,170.5036,49.8,78,100,10.0,NZ,2022-02-12 19:07:41
168,Bosaso,11.2842,49.1816,75.7,69,57,4.63,SO,2022-02-12 19:07:42
169,Bengkulu,-3.8004,102.2655,75.92,84,79,4.29,ID,2022-02-12 19:07:42
170,Kirkuk,35.4681,44.3922,51.53,52,0,7.49,IQ,2022-02-12 19:07:42
171,Upernavik,72.7868,-56.1549,-3.98,98,100,15.19,GL,2022-02-12 19:07:43
172,Pacific Grove,36.6177,-121.9166,77.81,48,0,3.44,US,2022-02-12 19:07:43
173,Hasaki,35.7333,140.8333,27.0,61,90,6.33,JP,2022-02-12 19:03:15
174,Newport,51.5877,-2.9984,48.85,87,100,22.55,GB,2022-02-12 19:07:44
175,Patharia,23.9,79.2,58.32,36,0,4.36,IN,2022-02-12 19:07:45
176,Aquiraz,-3.9014,-38.3911,86.09,71,57,9.66,BR,2022-02-12 19:07:45
177,Kenai,60.5544,-151.2583,22.14,96,20,0.0,US,2022-02-12 19:03:46
178,Novoagansk,61.9449,76.6625,-4.92,94,6,10.16,RU,2022-02-12 19:08:46
179,Atuona,-9.8,-139.0333,77.67,77,6,13.58,PF,2022-02-12 19:08:46
180,Nuuk,64.1835,-51.7216,16.41,86,100,11.5,GL,2022-02-12 19:08:47
181,Inhambane,-23.865,35.3833,75.94,71,5,10.16,MZ,2022-02-12 19:08:48
182,Lompoc,34.6391,-120.4579,85.51,20,0,6.91,US,2022-02-12 19:08:48
183,Acari,-15.4311,-74.6158,82.17,55,26,12.03,PE,2022-02-12 19:08:49
184,Matara,5.9485,80.5353,75.33,91,100,4.18,LK,2022-02-12 19:08:49
185,Lamar,33.6668,-95.5836,38.86,32,75,14.97,US,2022-02-12 19:08:50
186,Muros,42.7762,-9.0603,54.1,81,20,4.68,ES,2022-02-12 19:08:50
187,Chokurdakh,70.6333,147.9167,-2.45,95,100,13.69,RU,2022-02-12 19:08:51
188,Los Llanos De Aridane,28.6585,-17.9182,64.15,80,75,14.97,ES,2022-02-12 19:08:51
189,Honiara,-9.4333,159.95,76.59,89,96,3.44,SB,2022-02-12 19:08:52
190,Kirakira,-10.4544,161.9205,77.97,84,99,4.38,SB,2022-02-12 19:08:52
191,Ust-Omchug,61.15,149.6333,-34.6,99,96,2.06,RU,2022-02-12 19:07:39
192,Skibbereen,51.55,-9.2667,48.0,89,100,12.39,IE,2022-02-12 19:08:53
193,Kysyl-Syr,63.8986,122.7617,-24.3,100,100,2.59,RU,2022-02-12 19:08:53
194,Ponta Do Sol,32.6667,-17.1,63.23,53,34,4.23,PT,2022-02-12 19:08:54
195,Hoopstad,-27.8327,25.9083,73.76,29,0,4.29,ZA,2022-02-12 19:08:54
196,Codrington,-38.2667,141.9667,67.78,52,100,10.51,AU,2022-02-12 19:05:40
197,Perdoes,-21.0908,-45.0914,74.7,79,62,6.17,BR,2022-02-12 19:08:55
198,Methoni,36.8197,21.7049,55.22,72,100,3.11,GR,2022-02-12 19:08:56
199,Kahului,20.8947,-156.47,76.84,71,20,7.0,US,2022-02-12 19:06:03
200,Carupano,10.6678,-63.2585,81.88,54,53,14.34,VE,2022-02-12 19:08:56
201,Batagay-Alyta,67.8006,130.4114,-17.46,88,93,4.99,RU,2022-02-12 19:08:57
202,Longyearbyen,78.2186,15.6401,8.44,78,0,12.66,SJ,2022-02-12 19:08:58
203,Rawah,34.4816,41.9093,53.91,35,0,9.75,IQ,2022-02-12 19:08:58
204,Mtsensk,53.2766,36.5733,14.49,96,7,8.37,RU,2022-02-12 19:08:58
205,Neiafu,-18.65,-173.9833,79.48,83,75,5.75,TO,2022-02-12 19:08:59
206,Kudahuvadhoo,2.6708,72.8944,81.48,67,100,5.28,MV,2022-02-12 19:08:59
207,Huarmey,-10.0681,-78.1522,76.53,70,48,11.01,PE,2022-02-12 19:09:00
208,Nome,64.5011,-165.4064,1.47,55,100,0.0,US,2022-02-12 19:09:00
209,Chippewa Falls,44.9369,-91.3929,5.9,64,0,6.91,US,2022-02-12 19:04:45
210,Geraldton,-28.7667,114.6,70.21,73,3,17.27,AU,2022-02-12 19:09:01
211,Lavrentiya,65.5833,-171.0,-17.99,94,10,7.16,RU,2022-02-12 19:09:01
212,Gigmoto,13.7796,124.39,75.96,91,100,7.47,PH,2022-02-12 19:09:02
213,Mattru,7.6244,-11.8332,81.75,62,48,8.66,SL,2022-02-12 19:09:02
214,Boysun,38.2061,67.1986,39.27,82,100,3.02,UZ,2022-02-12 19:09:03
215,Tasiilaq,65.6145,-37.6368,10.56,65,100,3.67,GL,2022-02-12 19:09:03
216,Makakilo City,21.3469,-158.0858,75.52,70,0,6.91,US,2022-02-12 19:09:04
217,San Patricio,28.017,-97.5169,69.75,70,100,24.61,US,2022-02-12 19:09:04
218,Biak,-0.9131,122.8766,74.71,90,100,2.51,ID,2022-02-12 19:09:05
219,Richards Bay,-28.783,32.0377,74.16,86,0,8.72,ZA,2022-02-12 19:09:05
220,Deputatskiy,69.3,139.9,-11.04,93,100,6.24,RU,2022-02-12 19:09:06
221,Olga,43.7444,135.2892,13.35,59,13,16.22,RU,2022-02-12 19:09:06
222,Bowen,-20.0167,148.2333,75.63,77,1,12.26,AU,2022-02-12 19:09:07
223,Khatanga,71.9667,102.5,-17.68,89,29,5.61,RU,2022-02-12 19:09:08
224,Clyde River,70.4692,-68.5914,-14.82,90,100,23.73,CA,2022-02-12 19:09:08
225,Iqaluit,63.7506,-68.5145,-33.9,94,93,3.51,CA,2022-02-12 19:10:08
226,Kushiro,42.975,144.3747,19.53,89,100,4.14,JP,2022-02-12 19:10:09
227,Panjab,34.388,67.0233,10.22,81,41,3.56,AF,2022-02-12 19:10:09
228,Maniitsoq,65.4167,-52.9,12.65,76,100,14.65,GL,2022-02-12 19:10:10
229,Olinda,-8.0089,-34.8553,85.73,70,20,8.05,BR,2022-02-12 19:10:10
230,Esperance,-33.8667,121.9,63.95,63,100,10.6,AU,2022-02-12 19:10:11
231,Torrijos,39.9819,-4.2835,58.84,63,77,5.19,ES,2022-02-12 19:10:12
232,Bilma,18.6853,12.9164,67.41,15,0,7.65,NE,2022-02-12 19:10:12
233,Sola,-13.8833,167.55,80.13,72,97,4.92,VU,2022-02-12 19:10:13
234,Goderich,43.7501,-81.7165,16.92,82,100,15.48,CA,2022-02-12 19:10:13
235,Narsaq,60.9167,-46.05,30.42,98,100,2.1,GL,2022-02-12 19:10:14
236,Arlit,18.7369,7.3853,72.73,11,0,6.91,NE,2022-02-12 19:10:14
237,Nioro,13.35,-15.75,87.49,9,5,7.67,GM,2022-02-12 19:10:15
238,Saint-Joseph,-21.3667,55.6167,77.36,83,11,7.52,RE,2022-02-12 19:10:15
239,Norman Wells,65.282,-126.8329,-10.98,92,98,4.32,CA,2022-02-12 19:10:16
240,Mar Del Plata,-38.0023,-57.5575,64.42,70,40,18.41,AR,2022-02-12 19:06:28
241,Mitsamiouli,-11.3847,43.2844,79.68,78,100,7.87,KM,2022-02-12 19:10:16
242,Westport,41.1415,-73.3579,60.03,46,0,18.41,US,2022-02-12 19:08:33
243,Mahibadhoo,3.7833,72.9667,81.09,73,100,2.95,MV,2022-02-12 19:10:18
244,Nadvoitsy,63.8667,34.3167,9.12,99,86,5.48,RU,2022-02-12 19:10:19
245,San Carlos De Bariloche,-41.1456,-71.3082,82.24,11,0,9.22,AR,2022-02-12 19:10:19
246,Luena,-11.7833,19.9167,65.01,87,100,2.15,AO,2022-02-12 19:10:20
247,Mahajanga,-15.7167,46.3167,80.87,77,10,8.03,MG,2022-02-12 19:10:20
248,Leningradskiy,69.3833,178.4167,-19.64,97,98,4.43,RU,2022-02-12 19:10:21
249,Bilibino,68.0546,166.4372,-31.36,100,100,0.81,RU,2022-02-12 19:10:21
250,Fortuna,40.5982,-124.1573,70.93,57,0,1.01,US,2022-02-12 19:10:22
251,Shenjiamen,29.9576,122.298,46.33,93,100,8.84,CN,2022-02-12 19:10:22
252,Touros,-5.1989,-35.4608,86.9,67,38,10.33,BR,2022-02-12 19:10:23
253,Ramgarh,23.6333,85.5167,59.05,53,6,4.65,IN,2022-02-12 19:10:25
254,Luderitz,-26.6481,15.1594,73.58,70,3,7.18,NA,2022-02-12 19:10:25
255,Roseburg,43.2165,-123.3417,68.49,93,100,0.0,US,2022-02-12 19:10:26
256,Alyangula,-13.8483,136.4192,83.21,69,76,11.83,AU,2022-02-12 19:06:46
257,Santa Cruz De Las Flores,20.4833,-103.5,68.16,20,9,2.51,MX,2022-02-12 19:10:27
258,Vao,-22.6667,167.4833,79.83,82,100,5.44,NC,2022-02-12 19:10:27
259,Wilmington Island,32.0036,-80.9737,69.84,56,100,0.0,US,2022-02-12 19:10:28
260,Keetmanshoop,-26.5833,18.1333,71.51,76,100,11.12,NA,2022-02-12 19:10:28
261,Hirara,24.8,125.2833,68.88,89,100,7.11,JP,2022-02-12 19:10:29
262,Nortelandia,-14.4547,-56.8028,82.8,81,93,2.8,BR,2022-02-12 19:10:29
263,Torbay,47.6666,-52.7314,45.75,80,100,16.11,CA,2022-02-12 19:10:30
264,Inta,66.0317,60.1659,6.66,95,100,10.33,RU,2022-02-12 19:10:30
265,Coquimbo,-29.9533,-71.3436,71.33,64,20,13.8,CL,2022-02-12 19:10:31
266,Razole,16.4833,81.8333,70.18,90,13,3.38,IN,2022-02-12 19:10:31
267,Manokwari,-0.8667,134.0833,77.27,78,91,7.11,ID,2022-02-12 19:10:31
268,Rexburg,43.826,-111.7897,33.06,73,0,0.0,US,2022-02-12 19:10:32
269,Nanortalik,60.1432,-45.2371,30.4,97,100,6.31,GL,2022-02-12 19:10:33
270,Heihe,50.2441,127.4902,1.4,93,100,11.12,CN,2022-02-12 19:10:33
271,Mareeba,-17.0,145.4333,72.32,94,59,2.48,AU,2022-02-12 19:10:34
272,Tautira,-17.7333,-149.15,84.22,76,88,15.28,PF,2022-02-12 19:10:34
273,Noumea,-22.2763,166.4572,80.01,99,98,2.44,NC,2022-02-12 19:11:35
274,Hami,42.8,93.45,28.33,52,80,1.21,CN,2022-02-12 19:11:35
275,Nizhniy Tsasuchey,50.5167,115.1333,-18.11,99,86,2.8,RU,2022-02-12 19:11:36
276,Lexington,37.9887,-84.4777,35.94,71,100,9.22,US,2022-02-12 19:07:40
277,Hailar,49.2,119.7,-26.9,100,100,3.47,CN,2022-02-12 19:11:37
278,Dezful,32.3811,48.4058,56.12,71,0,3.15,IR,2022-02-12 19:11:38
279,Kiruna,67.8557,20.2251,-3.08,84,6,6.91,SE,2022-02-12 19:11:39
280,Sitka,57.0531,-135.33,42.69,81,100,13.8,US,2022-02-12 19:07:27
281,Fort Nelson,58.8053,-122.7002,18.57,92,100,2.13,CA,2022-02-12 19:11:39
282,Lusambo,-4.9667,23.45,71.19,93,100,1.63,CD,2022-02-12 19:11:40
283,Port Augusta,-32.5,137.7667,72.09,22,99,3.38,AU,2022-02-12 19:11:40
284,Krasnaya Poyma,55.0014,39.08,17.28,93,7,9.66,RU,2022-02-12 19:11:41
285,Marawi,7.9986,124.2928,64.65,90,100,2.84,PH,2022-02-12 19:11:42
286,Saldanha,-33.0117,17.9442,66.81,84,100,13.96,ZA,2022-02-12 19:11:42
287,Talnakh,69.4865,88.3972,-8.34,79,12,9.62,RU,2022-02-12 19:11:43
288,Tilichiki,60.4667,166.1,-21.68,92,12,8.99,RU,2022-02-12 19:11:43
289,Paralimni,35.0375,33.9833,56.43,81,3,5.01,CY,2022-02-12 19:11:44
290,Port Hardy,50.6996,-127.4199,43.2,66,100,3.96,CA,2022-02-12 19:11:45
291,Svetlaya,46.5389,138.3297,23.86,91,100,12.8,RU,2022-02-12 19:11:46
292,Katsuura,35.1333,140.3,39.31,58,39,4.18,JP,2022-02-12 19:11:46
293,Liverpool,53.4106,-2.9779,49.82,89,75,12.66,GB,2022-02-12 19:08:07
294,Awbari,26.5921,12.7805,56.17,26,0,9.69,LY,2022-02-12 19:11:47
295,Beyneu,45.3167,55.2,38.07,84,100,8.41,KZ,2022-02-12 19:11:48
296,Provideniya,64.3833,-173.3,-11.45,82,11,5.99,RU,2022-02-12 19:11:48
297,Port Lincoln,-34.7333,135.8667,68.95,58,99,8.08,AU,2022-02-12 19:11:49
298,Sayyan,15.1718,44.3244,58.28,37,100,2.66,YE,2022-02-12 19:11:49
299,Bambous Virieux,-20.3428,57.7575,78.22,85,8,9.95,MU,2022-02-12 19:11:50
300,Teguldet,57.3064,88.1667,-0.22,90,6,9.82,RU,2022-02-12 19:11:50
301,Necochea,-38.5473,-58.7368,69.04,46,3,11.16,AR,2022-02-12 19:11:51
302,Makarov,48.6333,142.8,18.86,96,100,8.97,RU,2022-02-12 19:11:51
303,Flagstaff,35.1981,-111.6513,55.09,21,0,16.11,US,2022-02-12 19:08:19
304,Hofn,64.2539,-15.2082,24.69,69,100,21.61,IS,2022-02-12 19:11:52
305,Gat,31.61,34.7642,55.08,100,0,5.41,IL,2022-02-12 19:11:53
306,Kamina,-8.7386,24.9906,64.74,93,90,3.13,CD,2022-02-12 19:11:53
307,Isangel,-19.55,169.2667,79.05,87,99,3.27,VU,2022-02-12 19:07:47
308,Mehamn,71.0357,27.8492,24.75,86,75,20.71,NO,2022-02-12 19:11:54
309,Rivarolo Canavese,45.3312,7.717,45.32,74,0,5.75,IT,2022-02-12 19:11:54
310,Cavalcante,-13.7975,-47.4583,74.82,79,69,2.75,BR,2022-02-12 19:11:55
311,Finschhafen,-6.6024,147.8681,78.69,84,100,4.21,PG,2022-02-12 19:11:55
312,Santa Cruz Cabralia,-16.2781,-39.0247,82.63,74,20,10.36,BR,2022-02-12 19:11:56
313,Banda Aceh,5.5577,95.3222,77.36,85,17,11.32,ID,2022-02-12 19:11:56
314,Byron Bay,-28.65,153.6167,68.88,66,77,12.93,AU,2022-02-12 19:11:57
315,Kiama,-34.6833,150.8667,64.38,95,92,4.07,AU,2022-02-12 19:11:57
316,Camopi,3.1655,-52.3158,78.24,94,56,4.43,GF,2022-02-12 19:12:58
317,Ouadda,8.0777,22.4007,76.06,23,22,6.42,CF,2022-02-12 19:12:58
318,Tigil,57.8,158.6667,-20.54,100,13,1.23,RU,2022-02-12 19:12:59
319,Luanda,-8.8368,13.2343,77.81,83,0,11.92,AO,2022-02-12 19:12:45
320,Port Macquarie,-31.4333,152.9167,62.89,68,100,7.74,AU,2022-02-12 19:13:00
321,Kolyshley,52.7005,44.5367,29.12,95,100,10.42,RU,2022-02-12 19:13:00
322,College,64.8569,-147.8028,-5.42,75,75,3.44,US,2022-02-12 19:13:01
323,Naze,28.3667,129.4833,62.74,91,100,13.6,JP,2022-02-12 19:11:00
324,Lumphat,13.4878,106.9816,74.46,74,47,7.54,KH,2022-02-12 19:13:02
325,Marsh Harbour,26.5412,-77.0636,76.71,74,23,10.38,BS,2022-02-12 19:13:02
326,Coruripe,-10.1256,-36.1756,84.49,65,3,15.86,BR,2022-02-12 19:13:03
327,Paita,-5.0892,-81.1144,84.76,62,100,13.65,PE,2022-02-12 19:13:03
328,Nago,26.5881,127.9761,69.87,90,99,9.95,JP,2022-02-12 19:13:04
329,Llaillay,-32.85,-70.9667,96.24,30,100,9.78,CL,2022-02-12 19:13:04
330,Ashtian,34.5217,50.0019,33.28,85,24,2.73,IR,2022-02-12 19:13:05
331,Coahuayana,18.7333,-103.6833,91.72,29,18,6.64,MX,2022-02-12 19:13:05
332,La Paz,-16.5,-68.15,53.58,76,75,9.22,BO,2022-02-12 19:11:23
333,Dmanisi,41.5251,44.3472,34.54,41,17,4.99,GE,2022-02-12 19:13:06
334,Teruel,40.6667,-0.6667,46.36,80,99,8.08,ES,2022-02-12 19:13:06
335,Bayir,37.2687,28.2167,41.52,85,30,1.28,TR,2022-02-12 19:13:07
336,Harper,4.375,-7.7169,79.16,81,5,8.43,LR,2022-02-12 19:11:41
337,Nikel,69.4128,30.222,3.38,99,23,5.53,RU,2022-02-12 19:13:08
338,Oriximina,-1.7656,-55.8661,83.55,68,97,2.04,BR,2022-02-12 19:13:08
339,Ternate,0.8,127.4,80.31,78,100,5.28,ID,2022-02-12 19:13:09
340,Calamar,10.2511,-74.9146,89.55,26,7,6.17,CO,2022-02-12 19:13:09
341,Flinders,-34.5833,150.8552,64.2,93,85,4.0,AU,2022-02-12 19:13:09
342,Jalingo,8.8833,11.3667,82.35,12,14,5.53,NG,2022-02-12 19:08:12
343,Poso,-1.3959,120.7524,75.25,91,100,0.2,ID,2022-02-12 19:13:10
344,Carnarvon,-24.8667,113.6333,82.47,61,100,8.05,AU,2022-02-12 19:13:11
345,Port Hawkesbury,45.6169,-61.3485,50.59,85,70,4.0,CA,2022-02-12 19:09:39
346,Tulun,54.5611,100.5792,-26.19,100,60,2.19,RU,2022-02-12 19:13:12
347,Aksu,41.1231,80.2644,30.29,44,57,3.13,CN,2022-02-12 19:13:12
348,Rockport,28.0206,-97.0544,69.91,74,100,21.85,US,2022-02-12 19:10:47
349,Narbonne,43.0833,2.8333,50.56,69,100,2.75,FR,2022-02-12 19:13:13
350,Nicoya,10.1483,-85.452,90.95,33,8,8.86,CR,2022-02-12 19:13:13
351,Nurlat,54.4277,50.8051,25.09,97,100,6.96,RU,2022-02-12 19:13:14
352,Khani,41.9563,42.9566,33.37,81,4,5.99,GE,2022-02-12 19:13:14
353,Dongning,44.0622,131.1207,-5.93,94,6,4.52,CN,2022-02-12 19:13:15
354,Tekirdag,40.978,27.5085,43.95,84,100,17.09,TR,2022-02-12 19:13:15
355,Talaya,61.3833,152.75,-39.71,100,96,1.19,RU,2022-02-12 19:13:16
356,Pendleton,45.6721,-118.7886,48.58,64,0,3.44,US,2022-02-12 19:13:17
357,Annonay,45.2397,4.6708,45.52,76,100,4.83,FR,2022-02-12 19:13:17
358,Tuyen Quang,21.8233,105.2181,60.49,97,100,1.59,VN,2022-02-12 19:13:18
359,Nadym,65.5333,72.5167,-9.6,95,7,14.88,RU,2022-02-12 19:13:18
360,Novaya Bryan,51.7159,108.2691,-24.09,100,96,1.86,RU,2022-02-12 19:13:19
361,Susanville,40.4163,-120.653,50.92,46,0,1.01,US,2022-02-12 19:13:19
362,Rwamagana,-1.9487,30.4347,67.44,91,100,2.57,RW,2022-02-12 19:14:20
363,Sosnovo,60.5514,30.2144,33.44,93,100,10.51,RU,2022-02-12 19:14:20
364,Camana,-16.6228,-72.7111,75.02,69,65,8.77,PE,2022-02-12 19:14:21
365,Yeppoon,-23.1333,150.7333,71.38,75,87,16.84,AU,2022-02-12 19:14:22
366,Odienne,9.51,-7.5692,83.23,12,11,3.42,CI,2022-02-12 19:14:22
367,Khammam,17.25,80.15,66.56,65,94,5.91,IN,2022-02-12 19:14:23
368,Shingu,33.7333,135.9833,42.91,62,100,5.06,JP,2022-02-12 19:14:23
369,Grafenau,48.8577,13.3974,34.54,73,10,3.27,DE,2022-02-12 19:13:27
370,Doha,25.2867,51.5333,66.18,72,40,13.8,QA,2022-02-12 19:14:24
371,Quesnel,52.9999,-122.5029,33.6,76,100,7.74,CA,2022-02-12 19:14:25
372,Sao Joao Da Barra,-21.6403,-41.0511,78.89,80,87,5.44,BR,2022-02-12 19:14:25
373,Osypenko,46.9136,36.8253,35.83,72,100,21.9,UA,2022-02-12 19:14:25
374,Nemuro,43.3236,145.575,21.81,80,59,3.27,JP,2022-02-12 19:14:26
375,Sri Aman,1.2376,111.4621,72.59,98,100,1.28,MY,2022-02-12 19:14:26
376,Jieshi,22.8134,115.8257,65.95,85,98,14.45,CN,2022-02-12 19:14:27
377,Kapiri Mposhi,-13.9652,28.6809,62.42,92,88,4.27,ZM,2022-02-12 19:14:28
378,Turukhansk,65.8167,87.9833,-12.23,80,1,8.52,RU,2022-02-12 19:14:28
379,Cockburn Town,21.4612,-71.1419,77.81,73,0,19.84,TC,2022-02-12 19:14:29
380,Tambura,5.6,27.4667,79.77,24,40,5.46,SS,2022-02-12 19:14:29
381,Blackwater,-23.5833,148.8833,68.86,80,0,8.59,AU,2022-02-12 19:14:30
382,Xiaoshi,41.2971,124.1209,12.22,79,100,2.46,CN,2022-02-12 19:14:30
383,Kabalo,-6.05,26.9167,72.39,87,24,2.01,CD,2022-02-12 19:14:31
384,Seoul,37.5683,126.9778,29.59,46,100,2.42,KR,2022-02-12 19:13:30
385,Parksepa,57.9062,26.9836,35.4,79,100,15.21,EE,2022-02-12 19:14:32
386,Muroto,33.2833,134.15,51.62,60,100,14.76,JP,2022-02-12 19:14:32
387,Chukhloma,58.7525,42.6825,15.76,95,100,7.34,RU,2022-02-12 19:14:33
388,Ozernovskiy,51.5,156.5167,19.18,76,7,2.33,RU,2022-02-12 19:14:33
389,Palu,-0.8917,119.8707,74.32,98,100,1.39,ID,2022-02-12 19:14:34
390,Tete,-16.1564,33.5867,78.89,73,20,0.0,MZ,2022-02-12 19:14:34
391,Nizwa,22.9333,57.5333,67.71,34,0,0.76,OM,2022-02-12 19:14:35
392,Aykhal,66.0,111.5,-7.22,100,100,3.96,RU,2022-02-12 19:14:35
393,Poronaysk,49.2167,143.1167,18.75,96,100,9.73,RU,2022-02-12 19:14:36
394,Mahebourg,-20.4081,57.7,80.89,83,40,6.91,MU,2022-02-12 19:14:36
395,Youghal,51.95,-7.8506,49.08,100,100,11.23,IE,2022-02-12 19:14:37
396,Khandyga,62.6667,135.6,-41.57,100,97,2.24,RU,2022-02-12 19:14:37
397,Abu Samrah,35.3029,37.1841,49.68,69,0,5.59,SY,2022-02-12 19:14:38
398,Kabare,-2.4683,28.8242,61.48,92,100,1.45,CD,2022-02-12 19:14:38
399,Spring Valley,36.108,-115.245,68.13,19,20,8.05,US,2022-02-12 19:14:39
400,Adrar,20.5022,-10.0711,69.48,18,2,10.07,MR,2022-02-12 19:14:39
401,Owando,-0.4819,15.8999,85.91,40,100,2.42,CG,2022-02-12 19:14:40
402,Sindal,57.4712,10.2031,38.93,78,100,20.51,DK,2022-02-12 19:14:40
403,San Pablo Tacachico,13.9756,-89.34,91.9,29,0,1.14,SV,2022-02-12 19:14:41
404,Newtonmore,57.066,-4.1192,41.68,92,98,14.79,GB,2022-02-12 19:14:41
405,Erdenet,49.0333,104.0833,-15.84,100,99,0.58,MN,2022-02-12 19:14:42
406,Sur,22.5667,59.5289,69.67,62,0,10.02,OM,2022-02-12 19:14:42
407,Kavieng,-2.5744,150.7967,80.47,78,100,3.89,PG,2022-02-12 19:12:35
408,Makhachkala,42.9764,47.5024,33.78,78,10,7.56,RU,2022-02-12 19:15:43
409,Pahrump,36.2083,-115.9839,67.84,16,0,4.0,US,2022-02-12 19:15:44
410,Pundaguitan,6.3711,126.1689,80.06,77,70,15.23,PH,2022-02-12 19:15:45
411,Sinjar,36.3209,41.8754,49.96,44,0,3.69,IQ,2022-02-12 19:15:45
412,Chinsali,-10.5414,32.0816,62.49,97,95,3.71,ZM,2022-02-12 19:15:46
413,Prince Rupert,54.3161,-130.3201,39.29,81,100,4.61,CA,2022-02-12 19:14:24
414,Toora-Khem,52.4675,96.11,-25.53,100,97,1.19,RU,2022-02-12 19:15:47
415,Vaitape,-16.5167,-151.75,80.69,74,100,15.32,PF,2022-02-12 19:15:47
416,Jamsa,61.8642,25.19,30.15,93,100,7.36,FI,2022-02-12 19:15:48
417,Vanavara,60.34,102.2797,-13.25,100,100,2.39,RU,2022-02-12 19:15:48
418,Stornoway,58.2093,-6.3865,44.56,88,75,18.41,GB,2022-02-12 19:15:49
419,Bam,29.106,58.357,55.51,40,54,7.61,IR,2022-02-12 19:15:49
420,Baie-Comeau,49.2168,-68.1489,33.8,93,100,23.02,CA,2022-02-12 19:15:50
421,Aklavik,68.2191,-135.0107,-17.57,68,75,3.44,CA,2022-02-12 19:15:50
422,Zheleznodorozhnyy,55.7503,38.0042,27.12,91,40,9.01,RU,2022-02-12 19:15:51
423,Meulaboh,4.1363,96.1285,77.45,85,94,3.58,ID,2022-02-12 19:15:51
424,Iberia,29.9502,-91.7507,69.98,56,100,10.36,US,2022-02-12 19:15:52
425,Gatesville,31.4352,-97.7439,46.38,43,100,17.27,US,2022-02-12 19:15:52
426,Labuhan,-6.8844,112.2051,77.97,81,100,4.81,ID,2022-02-12 19:15:53
427,Rosarito,32.3333,-117.0333,88.72,24,4,8.1,MX,2022-02-12 19:12:13
428,Uttiramerur,12.6,79.7667,76.44,82,6,6.15,IN,2022-02-12 19:15:53
429,Abalak,58.1286,68.5944,3.25,93,100,6.44,RU,2022-02-12 19:15:54
430,Berlevag,70.8578,29.0864,24.8,80,77,19.75,NO,2022-02-12 19:15:55
431,Bathsheba,13.2167,-59.5167,83.01,57,20,21.85,BB,2022-02-12 19:15:55
432,Atagay,55.1033,99.3875,-19.75,99,14,3.62,RU,2022-02-12 19:15:55
433,Namatanai,-3.6667,152.4333,77.83,84,100,3.47,PG,2022-02-12 19:15:56
434,Te Anau,-45.4167,167.7167,46.09,88,89,4.16,NZ,2022-02-12 19:15:56
435,Camacha,33.0833,-16.3333,60.22,77,75,13.8,PT,2022-02-12 19:15:57
436,San Juan De La Maguana,18.8059,-71.2299,81.27,34,8,7.49,DO,2022-02-12 19:15:57
437,Urdoma,61.7533,48.5442,20.34,92,96,6.96,RU,2022-02-12 19:15:57
438,Vierzon,47.2101,2.0625,37.9,61,16,4.85,FR,2022-02-12 19:15:58
439,Kamenka,51.3223,42.7678,17.82,98,89,7.58,RU,2022-02-12 19:15:58
440,Constitucion,-35.3333,-72.4167,71.87,53,1,5.73,CL,2022-02-12 19:13:50
441,Thaton,16.9206,97.3714,69.53,56,74,2.53,MM,2022-02-12 19:15:59
442,Ngaoundere,7.3167,13.5833,70.0,17,35,5.48,CM,2022-02-12 19:15:59
443,Syasstroy,60.1367,32.5691,30.72,92,100,14.5,RU,2022-02-12 19:16:00
444,Charters Towers,-20.1,146.2667,71.02,85,0,9.78,AU,2022-02-12 19:16:00
445,Teya,60.3778,92.6267,-16.74,100,48,2.39,RU,2022-02-12 19:16:01
446,Yanam,16.7333,82.2167,71.65,87,44,3.8,IN,2022-02-12 19:16:01
447,Kenora,49.8167,-94.4337,-10.23,57,75,4.0,CA,2022-02-12 19:16:02
448,Avera,33.194,-82.5271,69.71,35,100,5.37,US,2022-02-12 19:16:03
449,Santa Isabel Do Rio Negro,-0.4139,-65.0192,90.61,52,99,4.99,BR,2022-02-12 19:16:03
450,Faanui,-16.4833,-151.75,80.69,74,100,15.35,PF,2022-02-12 19:16:04
451,Rio Claro,-22.4114,-47.5614,85.82,73,62,4.29,BR,2022-02-12 19:16:04
452,Nizhnevartovsk,60.9344,76.5531,-4.99,77,20,11.18,RU,2022-02-12 19:16:05
453,Beloha,-25.1667,45.05,75.34,82,13,19.08,MG,2022-02-12 19:16:06
454,Mao,39.8885,4.2658,48.76,81,0,4.61,ES,2022-02-12 19:16:06
455,Hirado,33.3597,129.5531,49.35,86,100,13.91,JP,2022-02-12 19:17:07
456,Savalou,7.9281,1.9756,91.65,30,100,3.29,BJ,2022-02-12 19:17:07
457,Fuente De Oro,3.4594,-73.6128,92.66,31,99,10.04,CO,2022-02-12 19:17:08
458,Fayaoue,-20.65,166.5333,82.24,76,72,8.77,NC,2022-02-12 19:17:09
459,Tura,25.5198,90.2201,55.15,74,0,4.03,IN,2022-02-12 19:17:09
460,Payo,-3.7508,103.6372,72.59,94,100,1.95,ID,2022-02-12 19:17:10
461,Qui Nhon,13.7667,109.2333,74.75,88,100,7.7,VN,2022-02-12 19:17:10
462,Praia,14.9215,-23.5087,75.74,64,100,18.41,CV,2022-02-12 19:17:11
463,Livingstone,-17.8419,25.8543,68.13,92,100,4.05,ZM,2022-02-12 19:16:23
464,San Cristobal,7.7669,-72.225,77.18,38,99,6.33,VE,2022-02-12 19:17:11
465,Yuzhno-Kurilsk,44.0306,145.8556,20.79,83,44,4.18,RU,2022-02-12 19:17:12
466,Buchanan,5.8808,-10.0467,84.16,79,13,8.5,LR,2022-02-12 19:17:12
467,Chuy,-33.6971,-53.4616,72.25,87,100,9.19,UY,2022-02-12 19:17:13
468,Biltine,14.5333,20.9167,77.68,10,5,8.19,TD,2022-02-12 19:17:14
469,Nanakuli,21.3906,-158.1547,76.95,69,0,6.91,US,2022-02-12 19:17:14
470,Redmond,47.674,-122.1215,52.74,74,2,3.0,US,2022-02-12 19:13:44
471,Takoradi,4.8845,-1.7554,80.82,79,97,10.27,GH,2022-02-12 19:17:15
472,Sobolevo,54.4299,31.8996,23.95,89,22,13.8,RU,2022-02-12 19:13:56
473,Portland,45.5234,-122.6762,60.21,36,0,15.99,US,2022-02-12 19:17:03
474,Bairiki,1.3292,172.9752,80.6,78,20,8.05,KI,2022-02-12 19:17:16
475,Wukari,7.85,9.7833,84.4,10,47,5.41,NG,2022-02-12 19:17:16
476,Kolodenka,50.5856,26.316,27.09,87,5,6.13,UA,2022-02-12 19:17:17
477,Jaisalmer,26.9147,70.9181,67.53,17,0,8.39,IN,2022-02-12 19:17:17
478,Christchurch,-43.5333,172.6333,51.03,91,100,14.97,NZ,2022-02-12 19:14:22
479,Asuncion Mita,14.3308,-89.7108,90.07,30,0,4.88,GT,2022-02-12 19:17:18
480,Sungaipenuh,-2.0833,101.3833,63.81,91,100,2.15,ID,2022-02-12 19:17:19
481,Boddam,57.4667,-1.7833,47.39,77,14,18.43,GB,2022-02-12 19:17:19
482,Moron,-34.6534,-58.6198,71.98,60,10,8.39,AR,2022-02-12 19:17:20
483,Khuzdar,27.7384,66.6434,56.3,28,0,4.7,PK,2022-02-12 19:17:20
484,Luan,46.3592,6.9759,32.68,85,100,5.1,CH,2022-02-12 19:17:21
485,Asfi,32.2994,-9.2372,60.13,82,0,16.42,MA,2022-02-12 19:17:21
486,Ixtapa,20.7,-105.2,76.23,65,0,11.5,MX,2022-02-12 19:17:22
487,Vestmannaeyjar,63.4427,-20.2734,28.09,78,25,4.05,IS,2022-02-12 19:17:22
488,Tagudin,16.9355,120.4442,74.62,76,100,3.38,PH,2022-02-12 19:17:23
489,Mahon,39.8885,4.2658,48.76,81,0,4.61,ES,2022-02-12 19:16:06
490,Ketchikan,55.3422,-131.6461,40.98,87,100,8.05,US,2022-02-12 19:17:23
491,Masuguru,-11.3667,38.4167,72.68,98,100,2.73,TZ,2022-02-12 19:17:24
492,Languyan,5.2618,120.0807,77.11,86,100,2.8,PH,2022-02-12 19:17:24
493,Springdale,36.1867,-94.1288,33.75,39,0,12.66,US,2022-02-12 19:15:43
494,Mecca,21.4267,39.8261,74.68,39,0,1.95,SA,2022-02-12 19:17:25
495,Kemi,65.8596,24.8228,2.97,92,100,2.3,FI,2022-02-12 19:17:26
496,Micheweni,-4.9667,39.8333,79.63,75,91,8.19,TZ,2022-02-12 19:17:26
497,San Policarpo,12.1791,125.5072,78.31,85,93,14.92,PH,2022-02-12 19:17:27
498,Umm Lajj,25.0213,37.2685,69.76,25,0,24.74,SA,2022-02-12 19:17:27
499,Buala,-8.145,159.5921,78.17,81,100,2.35,SB,2022-02-12 19:17:27
500,Kozelsk,54.0375,35.7716,26.89,95,41,8.59,RU,2022-02-12 19:17:28
501,Flin Flon,54.7682,-101.865,-5.96,59,0,5.75,CA,2022-02-12 19:17:29
502,Cochrane,51.1834,-114.4687,44.87,34,100,12.66,CA,2022-02-12 19:17:29
503,Patacamaya,-17.2333,-67.9167,59.31,46,98,9.24,BO,2022-02-12 19:18:29
504,Saint-Raymond,45.467,-73.6095,34.66,80,100,24.16,CA,2022-02-12 19:18:30
505,Knyaze-Volkonskoye,48.4642,135.4567,10.74,96,100,1.23,RU,2022-02-12 19:18:31
506,Atambua,-9.1061,124.8925,72.73,91,86,3.67,ID,2022-02-12 19:18:31
507,Lazaro Cardenas,17.9583,-102.2,87.6,34,100,6.33,MX,2022-02-12 19:13:50
508,Kaeo,-35.1,173.7833,67.01,85,100,21.18,NZ,2022-02-12 19:18:32
509,Omsukchan,62.5333,155.8,-30.55,94,55,3.83,RU,2022-02-12 19:18:32
510,Baghdad,33.3406,44.4009,53.51,40,0,9.22,IQ,2022-02-12 19:18:09
511,Taitung,22.7583,121.1444,68.67,84,56,10.25,TW,2022-02-12 19:18:33
512,Treinta Y Tres,-33.2333,-54.3833,68.18,95,100,13.6,UY,2022-02-12 19:18:33
513,Katherine,-14.4667,132.2667,77.32,88,0,4.61,AU,2022-02-12 19:18:34
514,Alice Springs,-23.7,133.8833,60.35,77,0,5.75,AU,2022-02-12 19:14:59
515,Williamsburg,37.2707,-76.7075,71.06,33,0,5.75,US,2022-02-12 19:18:36
516,Lixourion,38.2019,20.4314,53.6,78,100,3.15,GR,2022-02-12 19:18:36
517,Adamas,36.7333,24.4333,53.02,55,100,1.86,GR,2022-02-12 19:18:37
518,Marystown,47.1666,-55.1483,43.86,100,37,11.99,CA,2022-02-12 19:18:37
519,Zhangye,38.9342,100.4517,26.71,64,99,3.49,CN,2022-02-12 19:18:38
520,Chara,56.9064,118.2631,-19.21,94,100,1.28,RU,2022-02-12 19:18:38
521,Yenagoa,4.9247,6.2642,82.72,65,100,8.84,NG,2022-02-12 19:18:39
522,Bulri,24.8667,68.3333,65.86,57,0,9.06,PK,2022-02-12 19:18:39
523,Tabou,4.423,-7.3528,79.18,82,7,7.56,CI,2022-02-12 19:18:39
524,Braila,45.2667,27.9833,32.56,49,18,8.08,RO,2022-02-12 19:18:40
525,Saint-Augustin,51.226,-58.6502,33.24,98,100,19.8,CA,2022-02-12 19:18:40
526,Golakganj,26.1,89.8333,62.31,65,0,2.84,IN,2022-02-12 19:18:41
527,Jalu,29.0331,21.5482,57.36,40,0,6.8,LY,2022-02-12 19:18:41
528,Zvishavane,-20.3267,30.0665,68.61,47,4,4.0,ZW,2022-02-12 19:18:42
529,Mandalgovi,45.7625,106.2708,-7.22,78,13,6.22,MN,2022-02-12 19:18:42
530,Iracoubo,5.4802,-53.2011,78.98,85,88,12.15,GF,2022-02-12 19:18:43
531,Cururupu,-1.8283,-44.8683,78.67,88,97,4.56,BR,2022-02-12 19:18:23
532,Novikovo,51.1537,37.8879,26.69,87,73,12.21,RU,2022-02-12 19:18:44
533,Caconda,-13.7333,15.0667,66.27,62,86,4.92,AO,2022-02-12 19:18:44
534,Soe,-9.8607,124.284,65.73,95,98,2.08,ID,2022-02-12 19:18:45
535,Mandi Bahauddin,32.5834,73.4843,51.51,52,0,3.71,PK,2022-02-12 19:18:45
536,Kumluca,36.3703,30.2869,51.67,75,23,2.84,TR,2022-02-12 19:17:08
537,Port-Cartier,50.0334,-66.8654,33.75,99,100,5.68,CA,2022-02-12 19:18:47
538,Ahipara,-35.1667,173.1667,66.47,87,100,26.28,NZ,2022-02-12 19:18:48
539,Tual,-5.6667,132.75,82.29,71,45,2.98,ID,2022-02-12 19:18:48
540,Atasu,48.6814,71.6433,14.47,95,100,11.92,KZ,2022-02-12 19:18:49
541,Grindavik,63.8424,-22.4338,25.27,63,0,12.66,IS,2022-02-12 19:18:49
542,Los Andes,-32.8337,-70.5983,90.01,22,91,10.45,CL,2022-02-12 19:18:50
543,Praia Da Vitoria,38.7333,-27.0667,64.65,77,20,11.72,PT,2022-02-12 19:16:50
544,Bubaque,11.2833,-15.8333,80.65,58,0,12.86,GW,2022-02-12 19:18:12
545,Half Moon Bay,37.4636,-122.4286,75.61,52,0,4.61,US,2022-02-12 19:15:43
546,Manggar,-2.8833,108.2667,78.8,86,100,7.65,ID,2022-02-12 19:18:51
547,Marsabit,2.3284,37.9899,73.54,34,7,7.85,KE,2022-02-12 19:18:52
548,Lianran,24.9227,102.485,45.14,58,0,1.12,CN,2022-02-12 19:18:52
549,Luganville,-15.5333,167.1667,77.86,88,100,4.05,VU,2022-02-12 19:18:53
550,Mae Sai,20.4335,99.8762,62.89,45,98,2.98,TH,2022-02-12 19:19:53
551,Sabha,27.0377,14.4283,55.22,27,0,8.7,LY,2022-02-12 19:19:54
552,Saint-Denis,48.9167,2.3333,42.12,66,0,9.22,FR,2022-02-12 19:19:54
553,Hebi,35.8992,114.1925,35.74,76,48,7.76,CN,2022-02-12 19:19:55
554,Marfino,55.7028,37.3822,26.85,63,0,13.42,RU,2022-02-12 19:19:56
555,Sergeyevka,53.88,67.4158,1.99,99,98,5.99,KZ,2022-02-12 19:19:56
556,Kismayo,-0.3582,42.5454,77.16,81,100,14.54,SO,2022-02-12 19:19:57
557,Pemangkat,1.1667,108.9667,76.44,88,100,2.73,ID,2022-02-12 19:19:58
558,Buraydah,26.326,43.975,50.45,35,0,9.95,SA,2022-02-12 19:17:16
559,Oudtshoorn,-33.5907,22.2014,66.56,54,97,6.46,ZA,2022-02-12 19:19:58
560,Alihe,50.5667,123.7167,-7.58,99,95,2.66,CN,2022-02-12 19:19:59
561,Passo De Camaragibe,-9.2368,-35.4901,87.35,57,35,11.52,BR,2022-02-12 19:20:00
562,Thinadhoo,0.5333,72.9333,81.48,70,100,6.73,MV,2022-02-12 19:20:00
563,Nanchang,28.6833,115.8833,43.36,87,100,3.69,CN,2022-02-12 19:15:18
564,Svetlyy,54.675,20.1347,33.85,69,96,17.31,RU,2022-02-12 19:19:15
565,Bjornevatn,69.6672,29.9847,3.54,85,0,9.22,NO,2022-02-12 19:20:02
566,Coventry,52.4066,-1.5122,46.65,84,100,11.5,GB,2022-02-12 19:20:03
567,Selam,11.65,78.1667,71.04,72,27,4.09,IN,2022-02-12 19:16:54
568,San Francisco,37.7749,-122.4194,73.92,59,100,11.01,US,2022-02-12 19:15:17
569,Imamoglu,37.2651,35.6572,49.23,81,6,2.08,TR,2022-02-12 19:20:04
570,Cayenne,4.9333,-52.3333,80.64,87,75,10.36,GF,2022-02-12 19:20:04
571,Itarema,-2.9248,-39.9167,84.02,65,99,12.48,BR,2022-02-12 19:19:35
572,Qarqin,37.4185,66.0436,47.57,48,98,13.91,AF,2022-02-12 19:20:05
