City_ID,City,Lat,Lng,Max Temp,Humidity,Cloudiness,Wind Speed,Country,Date,Description
0,El Cope,8.6167,-80.6,78.26,54,28,11.43,PA,2022-02-13 20:09:28,scattered clouds
1,Punta Arenas,-53.15,-70.9167,50.11,50,40,31.07,CL,2022-02-13 20:09:29,scattered clouds
2,Cabo San Lucas,22.8909,-109.9124,85.3,56,75,8.05,MX,2022-02-13 20:09:29,broken clouds
3,Barrow,71.2906,-156.7887,-29.18,100,0,8.05,US,2022-02-13 20:09:30,clear sky
4,Taoudenni,22.6783,-3.9836,66.18,22,0,11.59,ML,2022-02-13 20:09:30,clear sky
5,Kapaa,22.0752,-159.319,76.12,72,40,13.8,US,2022-02-13 20:09:31,scattered clouds
6,Hasaki,35.7333,140.8333,36.0,92,100,33.24,JP,2022-02-13 20:05:41,overcast clouds
7,Vaini,-21.2,-175.2,80.62,76,77,18.43,TO,2022-02-13 20:05:29,light rain
8,Kavieng,-2.5744,150.7967,80.74,78,96,6.8,PG,2022-02-13 20:09:31,overcast clouds
9,Hithadhoo,-0.6,73.0833,82.15,75,67,9.46,MV,2022-02-13 20:09:32,broken clouds
10,Port Elizabeth,-33.918,25.5701,70.27,85,76,10.83,ZA,2022-02-13 20:09:32,broken clouds
11,Busselton,-33.65,115.3333,63.05,75,0,11.5,AU,2022-02-13 20:09:33,clear sky
12,Coquimbo,-29.9533,-71.3436,73.13,53,0,12.66,CL,2022-02-13 20:09:33,clear sky
13,Ca Mau,9.1769,105.15,77.18,86,11,6.89,VN,2022-02-13 20:09:34,few clouds
14,Suntar,62.1444,117.6319,-15.88,100,100,1.1,RU,2022-02-13 20:09:34,overcast clouds
15,Salalah,17.0151,54.0924,77.09,25,0,4.61,OM,2022-02-13 20:07:49,clear sky
16,Buraydah,26.326,43.975,55.27,27,0,6.85,SA,2022-02-13 20:09:35,clear sky
17,Sorland,67.667,12.6934,33.66,59,100,25.84,NO,2022-02-13 20:09:36,light snow
18,Tadine,-21.55,167.8833,79.86,85,98,6.31,NC,2022-02-13 20:09:36,overcast clouds
19,Ushuaia,-54.8,-68.3,40.66,81,75,37.98,AR,2022-02-13 20:09:37,light rain
20,Geraldton,-28.7667,114.6,73.81,83,100,0.0,AU,2022-02-13 20:09:37,overcast clouds
21,Plettenberg Bay,-34.0527,23.3716,67.26,85,29,3.58,ZA,2022-02-13 20:09:38,scattered clouds
22,Bredasdorp,-34.5322,20.0403,68.29,80,92,13.53,ZA,2022-02-13 20:09:38,overcast clouds
23,Naze,28.3667,129.4833,58.17,90,100,17.76,JP,2022-02-13 20:08:21,overcast clouds
24,Atuona,-9.8,-139.0333,77.54,79,24,14.74,PF,2022-02-13 20:09:39,light rain
25,Albany,42.6001,-73.9662,26.17,53,100,3.0,US,2022-02-13 20:07:24,overcast clouds
26,Nemuro,43.3236,145.575,26.74,85,99,9.75,JP,2022-02-13 20:09:39,overcast clouds
27,Touros,-5.1989,-35.4608,85.1,71,10,12.5,BR,2022-02-13 20:05:28,clear sky
28,Petrovsk-Zabaykalskiy,51.273,108.843,-25.24,100,69,2.44,RU,2022-02-13 20:09:40,broken clouds
29,Itupiranga,-5.1347,-49.3267,84.52,91,100,1.12,BR,2022-02-13 20:09:41,overcast clouds
30,Ribeira Grande,38.5167,-28.7,59.4,67,40,5.75,PT,2022-02-13 20:09:41,scattered clouds
31,Liverpool,53.4106,-2.9779,48.15,89,40,10.36,GB,2022-02-13 20:09:34,scattered clouds
32,Cape Town,-33.9258,18.4232,69.12,83,10,7.0,ZA,2022-02-13 20:07:12,clear sky
33,Bemidji,47.4736,-94.8803,2.91,57,75,10.36,US,2022-02-13 20:06:13,broken clouds
34,Pontianak,-0.0333,109.3333,76.98,100,100,2.3,ID,2022-02-13 20:09:04,overcast clouds
35,Cape Coast,5.1053,-1.2466,80.1,84,86,10.67,GH,2022-02-13 20:09:42,light rain
36,Mount Gambier,-37.8333,140.7667,60.71,88,100,10.36,AU,2022-02-13 20:09:43,overcast clouds
37,Athens,37.9795,23.7162,50.38,72,40,8.01,GR,2022-02-13 20:07:19,scattered clouds
38,Lompoc,34.6391,-120.4579,86.68,30,0,6.91,US,2022-02-13 20:09:44,clear sky
39,Labuhan,-6.8844,112.2051,75.9,91,100,4.05,ID,2022-02-13 20:09:44,overcast clouds
40,Chokurdakh,70.6333,147.9167,-4.25,96,100,10.49,RU,2022-02-13 20:09:44,overcast clouds
41,Hobart,-42.8794,147.3294,60.66,82,75,10.36,AU,2022-02-13 20:05:26,broken clouds
42,Rikitea,-23.1203,-134.9692,78.26,72,76,12.1,PF,2022-02-13 20:09:45,light rain
43,Upernavik,72.7868,-56.1549,-6.79,96,100,14.14,GL,2022-02-13 20:09:45,overcast clouds
44,Castro,-24.7911,-50.0119,81.64,52,6,2.91,BR,2022-02-13 20:09:46,clear sky
45,Bluff,-46.6,168.3333,49.8,87,9,6.11,NZ,2022-02-13 20:10:46,clear sky
46,Saskylakh,71.9167,114.0833,-16.6,86,26,3.22,RU,2022-02-13 20:10:47,scattered clouds
47,Kochubey,44.3861,46.5825,33.49,60,1,5.93,RU,2022-02-13 20:10:47,clear sky
48,Mataura,-46.1927,168.8643,49.48,97,27,2.95,NZ,2022-02-13 20:10:48,scattered clouds
49,Iskateley,67.6803,53.1512,-0.09,98,60,8.14,RU,2022-02-13 20:10:49,broken clouds
50,Hatillo,18.4863,-66.8254,84.38,74,24,10.0,PR,2022-02-13 20:10:50,few clouds
51,San Patricio,28.017,-97.5169,65.16,22,0,6.93,US,2022-02-13 20:10:50,clear sky
52,Clovis,36.8252,-119.7029,82.47,32,40,3.44,US,2022-02-13 20:10:50,scattered clouds
53,Tiksi,71.6872,128.8694,-12.95,93,11,11.83,RU,2022-02-13 20:10:51,few clouds
54,Cidreira,-30.1811,-50.2056,70.32,91,100,7.7,BR,2022-02-13 20:10:51,overcast clouds
55,Ilulissat,69.2167,-51.1,24.82,54,100,19.57,GL,2022-02-13 20:10:52,overcast clouds
56,New Norfolk,-42.7826,147.0587,60.3,72,90,0.98,AU,2022-02-13 20:10:52,overcast clouds
57,Omboue,-1.5746,9.2618,78.51,84,99,3.94,GA,2022-02-13 20:10:53,light rain
58,Raudeberg,61.9875,5.1352,39.87,94,100,3.0,NO,2022-02-13 20:10:53,moderate rain
59,Faanui,-16.4833,-151.75,80.82,74,100,15.28,PF,2022-02-13 20:10:54,light rain
60,Araouane,18.9048,-3.5265,66.45,17,48,10.76,ML,2022-02-13 20:10:54,scattered clouds
61,Igrim,63.1906,64.4162,-16.55,100,89,2.21,RU,2022-02-13 20:10:55,overcast clouds
62,Eyl,7.9803,49.8164,75.07,70,88,19.24,SO,2022-02-13 20:10:55,overcast clouds
63,Lagoa,39.05,-27.9833,56.43,61,92,5.41,PT,2022-02-13 20:07:15,overcast clouds
64,Talnakh,69.4865,88.3972,-7.26,70,17,9.15,RU,2022-02-13 20:07:05,few clouds
65,Puerto Escondido,15.85,-97.0667,83.23,74,75,0.0,MX,2022-02-13 20:10:56,broken clouds
66,Saldanha,-33.0117,17.9442,65.03,90,0,20.18,ZA,2022-02-13 20:10:57,clear sky
67,Kalat,29.0225,66.5916,42.8,42,8,1.68,PK,2022-02-13 20:10:57,clear sky
68,Doha,25.2867,51.5333,64.38,55,0,6.91,QA,2022-02-13 20:10:58,clear sky
69,Alofi,-19.0595,-169.9187,82.29,74,40,10.36,NU,2022-02-13 20:10:58,scattered clouds
70,Port Hardy,50.6996,-127.4199,47.75,66,100,7.72,CA,2022-02-13 20:10:58,overcast clouds
71,Hermanus,-34.4187,19.2345,73.9,83,26,16.22,ZA,2022-02-13 20:10:59,scattered clouds
72,Longyearbyen,78.2186,15.6401,15.64,86,75,3.44,SJ,2022-02-13 20:10:59,light snow
73,Horconcitos,8.4682,-81.8007,82.81,44,25,3.89,PA,2022-02-13 20:11:00,scattered clouds
74,Amapa,1.0,-52.0,79.14,93,100,3.51,BR,2022-02-13 20:10:12,heavy intensity rain
75,Baker City,44.7749,-117.8344,53.64,75,0,5.75,US,2022-02-13 20:11:00,clear sky
76,Te Anau,-45.4167,167.7167,47.35,88,34,1.59,NZ,2022-02-13 20:11:01,scattered clouds
77,Clarence Town,-32.5833,151.7833,65.8,85,95,3.49,AU,2022-02-13 20:11:01,overcast clouds
78,Mujiayingzi,42.1167,118.7833,4.59,93,100,4.99,CN,2022-02-13 20:11:02,overcast clouds
79,Allapalli,19.4167,80.0667,60.15,31,5,2.75,IN,2022-02-13 20:11:02,clear sky
80,Harper,4.375,-7.7169,78.49,83,54,7.63,LR,2022-02-13 20:10:50,broken clouds
81,Dickson,36.077,-87.3878,41.95,36,0,5.75,US,2022-02-13 20:07:35,clear sky
82,San Ramon,37.7799,-121.978,75.11,51,0,8.05,US,2022-02-13 20:11:03,clear sky
83,La Ronge,55.1001,-105.2842,12.25,84,100,10.4,CA,2022-02-13 20:11:04,overcast clouds
84,Mezen,65.8522,44.24,-0.36,99,69,4.29,RU,2022-02-13 20:11:04,broken clouds
85,Berlevag,70.8578,29.0864,21.15,73,75,11.5,NO,2022-02-13 20:10:23,light shower snow
86,Roebourne,-20.7833,117.1333,84.97,62,72,7.27,AU,2022-02-13 20:12:05,broken clouds
87,Yellowknife,62.456,-114.3525,-11.58,79,91,4.5,CA,2022-02-13 20:12:05,overcast clouds
88,Tasiilaq,65.6145,-37.6368,19.56,71,100,9.89,GL,2022-02-13 20:11:37,overcast clouds
89,Tuktoyaktuk,69.4541,-133.0374,-33.25,99,57,3.2,CA,2022-02-13 20:12:06,broken clouds
90,Hilo,19.7297,-155.09,78.24,74,75,8.05,US,2022-02-13 20:07:39,broken clouds
91,Portland,45.5234,-122.6762,61.95,45,20,5.75,US,2022-02-13 20:10:23,few clouds
92,Mahebourg,-20.4081,57.7,81.25,84,86,13.56,MU,2022-02-13 20:12:07,light rain
93,Rocha,-34.4833,-54.3333,68.22,50,3,15.26,UY,2022-02-13 20:12:07,clear sky
94,Lucea,18.451,-78.1736,84.06,62,11,12.39,JM,2022-02-13 20:12:08,few clouds
95,Chuy,-33.6971,-53.4616,72.5,40,1,13.87,UY,2022-02-13 20:11:46,clear sky
96,Port Lincoln,-34.7333,135.8667,65.95,85,92,9.98,AU,2022-02-13 20:12:08,overcast clouds
97,Mayo,38.8876,-76.5119,35.58,79,100,11.99,US,2022-02-13 20:09:24,light rain
98,Maldonado,-34.6667,-54.9167,67.39,49,8,15.84,UY,2022-02-13 20:12:09,clear sky
99,Puerto Ayora,-0.7393,-90.3518,80.56,86,87,5.99,EC,2022-02-13 20:12:10,overcast clouds
100,Airai,-8.9266,125.4092,58.48,90,37,1.92,TL,2022-02-13 20:12:10,scattered clouds
101,Pingzhuang,42.0372,119.2889,6.8,88,100,9.6,CN,2022-02-13 20:12:11,overcast clouds
102,Atambua,-9.1061,124.8925,72.79,89,48,2.46,ID,2022-02-13 20:12:11,scattered clouds
103,Uddevalla,58.3478,11.9424,39.07,97,100,3.0,SE,2022-02-13 20:12:11,moderate rain
104,Katangli,51.7102,143.2326,-12.69,97,17,6.76,RU,2022-02-13 20:12:12,few clouds
105,Sorong,-0.8833,131.25,77.61,86,100,7.58,ID,2022-02-13 20:12:12,overcast clouds
106,Chakulia,22.4833,86.7167,61.45,33,6,3.0,IN,2022-02-13 20:12:13,clear sky
107,Cherskiy,68.75,161.3,-21.01,97,100,7.94,RU,2022-02-13 20:12:13,overcast clouds
108,Jablah,35.3614,35.9256,48.49,87,40,5.75,SY,2022-02-13 20:12:14,scattered clouds
109,Bronnoysund,65.4625,12.1997,32.67,86,75,21.0,NO,2022-02-13 20:12:14,broken clouds
110,Nhulunbuy,-12.2333,136.7667,77.61,88,6,4.61,AU,2022-02-13 20:09:45,clear sky
111,Victoria,22.2855,114.1577,60.24,85,100,8.99,HK,2022-02-13 20:11:39,light rain
112,Qaanaaq,77.484,-69.3632,-7.82,89,100,2.95,GL,2022-02-13 20:11:48,overcast clouds
113,Port Alfred,-33.5906,26.891,72.9,84,96,10.2,ZA,2022-02-13 20:11:06,overcast clouds
114,Kodiak,57.79,-152.4072,36.91,70,0,0.0,US,2022-02-13 20:12:15,clear sky
115,Tonj,7.2737,28.6822,83.21,17,19,4.74,SS,2022-02-13 20:12:16,few clouds
116,Bethel,41.3712,-73.414,31.19,70,100,13.0,US,2022-02-13 20:12:16,light snow
117,Great Yarmouth,52.6083,1.7305,48.45,89,100,30.18,GB,2022-02-13 20:12:17,light rain
118,Camacha,33.0833,-16.3333,57.96,67,20,10.36,PT,2022-02-13 20:12:17,few clouds
119,Envira,-7.3,-70.2167,74.93,96,100,3.27,BR,2022-02-13 20:12:18,light rain
120,Aklavik,68.2191,-135.0107,-20.51,96,100,3.13,CA,2022-02-13 20:12:18,light snow
121,Vila Velha,-20.3297,-40.2925,82.35,84,75,13.8,BR,2022-02-13 20:11:07,broken clouds
122,Norman Wells,65.282,-126.8329,-6.32,93,100,6.87,CA,2022-02-13 20:12:19,overcast clouds
123,Hefei,31.8639,117.2808,44.37,73,100,3.51,CN,2022-02-13 20:11:09,overcast clouds
124,Thompson,55.7435,-97.8558,-0.54,86,100,3.96,CA,2022-02-13 20:12:19,overcast clouds
125,Hami,42.8,93.45,26.29,51,73,5.59,CN,2022-02-13 20:12:20,broken clouds
126,Narsaq,60.9167,-46.05,24.33,90,100,7.0,GL,2022-02-13 20:09:28,overcast clouds
127,Brae,60.3964,-1.353,39.11,88,100,11.25,GB,2022-02-13 20:12:21,overcast clouds
128,Codrington,-38.2667,141.9667,59.86,89,61,6.78,AU,2022-02-13 20:12:21,broken clouds
129,Jamestown,42.097,-79.2353,22.32,39,100,3.0,US,2022-02-13 20:09:12,overcast clouds
130,Toucheng,24.8592,121.8233,60.89,93,100,10.22,TW,2022-02-13 20:12:22,light rain
131,Santa Cruz Del Sur,20.7147,-77.9956,81.57,65,4,9.6,CU,2022-02-13 20:12:22,clear sky
132,Kharan,28.5833,65.4167,59.56,32,80,13.38,PK,2022-02-13 20:13:23,broken clouds
133,Pacific Grove,36.6177,-121.9166,80.8,59,0,4.61,US,2022-02-13 20:11:52,clear sky
134,Carnarvon,-24.8667,113.6333,75.27,88,3,3.44,AU,2022-02-13 20:12:06,clear sky
135,Nioro,13.35,-15.75,83.43,10,27,7.43,GM,2022-02-13 20:13:24,scattered clouds
136,Butaritari,3.0707,172.7902,81.77,75,52,12.62,KI,2022-02-13 20:13:24,broken clouds
137,Iquique,-20.2208,-70.1431,73.44,66,82,7.7,CL,2022-02-13 20:13:25,broken clouds
138,Mar Del Plata,-38.0023,-57.5575,71.62,60,0,11.5,AR,2022-02-13 20:08:54,clear sky
139,Hastings,50.8552,0.5729,50.52,84,100,34.4,GB,2022-02-13 20:13:25,light rain
140,Khatanga,71.9667,102.5,-24.38,93,83,2.77,RU,2022-02-13 20:13:26,broken clouds
141,Boulder City,35.9786,-114.8325,69.78,10,0,0.0,US,2022-02-13 20:12:59,clear sky
142,Zhigansk,66.7697,123.3711,-36.8,100,65,2.28,RU,2022-02-13 20:09:37,broken clouds
143,Storforshei,66.4043,14.5233,22.78,92,75,2.3,NO,2022-02-13 20:13:27,broken clouds
144,Severo-Kurilsk,50.6789,156.125,21.92,70,36,10.22,RU,2022-02-13 20:12:45,scattered clouds
145,Sterling,39.0062,-77.4286,35.8,78,100,11.5,US,2022-02-13 20:12:22,snow
146,Yeniseysk,58.4497,92.1703,-2.74,90,19,8.79,RU,2022-02-13 20:13:27,few clouds
147,Flinders,-34.5833,150.8552,64.06,89,100,5.01,AU,2022-02-13 20:13:28,overcast clouds
148,Srednekolymsk,67.45,153.6833,-33.47,99,18,6.06,RU,2022-02-13 20:12:16,few clouds
149,Punta Alta,-38.8759,-62.0736,85.82,23,0,8.39,AR,2022-02-13 20:08:58,clear sky
150,Panzhihua,26.5851,101.7128,45.64,59,0,1.68,CN,2022-02-13 20:13:29,clear sky
151,Souillac,-20.5167,57.5167,81.36,87,95,12.17,MU,2022-02-13 20:13:29,light rain
152,Inhambane,-23.865,35.3833,76.66,86,2,8.66,MZ,2022-02-13 20:13:30,clear sky
153,Saint-Philippe,-21.3585,55.7679,80.19,85,34,7.47,RE,2022-02-13 20:13:30,scattered clouds
154,Gao,16.6362,1.637,73.33,10,1,3.11,ML,2022-02-13 20:13:31,clear sky
155,Lasa,46.6166,10.7002,28.62,63,1,2.06,IT,2022-02-13 20:13:31,clear sky
156,Torbay,47.6666,-52.7314,41.4,65,95,8.99,CA,2022-02-13 20:09:29,overcast clouds
157,Hokitika,-42.7167,170.9667,55.36,61,13,4.45,NZ,2022-02-13 20:13:32,few clouds
158,Alvorada,-12.48,-49.1247,79.21,78,99,2.8,BR,2022-02-13 20:13:32,overcast clouds
159,Ocean City,39.2776,-74.5746,37.98,84,100,5.01,US,2022-02-13 20:08:48,overcast clouds
160,Nikolskoye,59.7035,30.7861,32.72,89,100,12.95,RU,2022-02-13 20:13:33,light snow
161,Midyat,37.4247,41.3393,29.12,50,67,5.73,TR,2022-02-13 20:13:33,broken clouds
162,Port Said,31.2565,32.2841,59.0,68,5,11.39,EG,2022-02-13 20:13:34,clear sky
163,Yulara,-25.2406,130.9889,66.04,42,3,9.22,AU,2022-02-13 20:13:34,clear sky
164,Najran,17.4924,44.1277,57.69,40,17,3.58,SA,2022-02-13 20:13:34,few clouds
165,Giyani,-23.3025,30.7187,75.25,47,0,3.02,ZA,2022-02-13 20:13:35,clear sky
166,Buguruslan,53.6554,52.442,16.88,97,90,6.42,RU,2022-02-13 20:13:35,overcast clouds
167,Homer,59.6425,-151.5483,34.77,94,100,0.0,US,2022-02-13 20:13:36,mist
168,Kaeo,-35.1,173.7833,62.33,92,80,5.28,NZ,2022-02-13 20:13:36,broken clouds
169,Tezpur,26.6333,92.8,55.94,72,0,4.07,IN,2022-02-13 20:13:36,clear sky
170,Tombouctou,20.0,-3.0,64.67,18,27,10.6,ML,2022-02-13 20:13:37,scattered clouds
171,Pundaguitan,6.3711,126.1689,79.88,75,81,11.25,PH,2022-02-13 20:13:37,broken clouds
172,Maceio,-9.6658,-35.7353,83.64,65,0,16.11,BR,2022-02-13 20:12:19,clear sky
173,Teahupoo,-17.8333,-149.2667,80.56,76,92,17.18,PF,2022-02-13 20:13:38,light rain
174,Borba,-4.3878,-59.5939,81.23,88,83,2.73,BR,2022-02-13 20:13:39,broken clouds
175,Boguchany,58.3814,97.4531,-20.11,100,83,3.78,RU,2022-02-13 20:13:39,broken clouds
176,Mikhaylovka,50.06,43.2379,23.79,93,6,8.12,RU,2022-02-13 20:13:40,clear sky
177,Yeppoon,-23.1333,150.7333,69.58,81,21,15.73,AU,2022-02-13 20:13:40,few clouds
178,Pueblo Rico,5.2383,-76.0364,74.68,91,99,3.78,CO,2022-02-13 20:14:41,overcast clouds
179,Pangnirtung,66.1451,-65.7125,-33.38,97,95,3.89,CA,2022-02-13 20:13:22,overcast clouds
180,Benavente,42.0025,-5.6783,46.89,86,100,21.32,ES,2022-02-13 20:09:42,overcast clouds
181,Coihaique,-45.5752,-72.0662,81.21,34,0,6.91,CL,2022-02-13 20:14:02,clear sky
182,Itarema,-2.9248,-39.9167,82.27,72,8,13.76,BR,2022-02-13 20:14:42,clear sky
183,Rogovskaya,45.7312,38.7396,33.49,69,0,7.56,RU,2022-02-13 20:14:42,clear sky
184,Caborca,30.5838,-111.101,79.29,8,7,5.86,MX,2022-02-13 20:14:43,clear sky
185,Bekhtery,46.251,32.2927,30.99,63,93,7.31,UA,2022-02-13 20:14:43,overcast clouds
186,Arlit,18.7369,7.3853,72.28,11,0,7.49,NE,2022-02-13 20:14:44,clear sky
187,Bari,41.1177,16.8512,49.84,80,0,5.75,IT,2022-02-13 20:14:44,clear sky
188,Iqaluit,63.7506,-68.5145,-16.31,68,75,0.0,CA,2022-02-13 20:14:44,broken clouds
189,Hofn,64.2539,-15.2082,21.42,59,16,10.71,IS,2022-02-13 20:11:46,few clouds
190,Wakkanai,45.4094,141.6739,27.36,80,98,21.34,JP,2022-02-13 20:14:45,overcast clouds
191,Yatou,37.15,122.3833,36.45,79,100,7.07,CN,2022-02-13 20:14:45,overcast clouds
192,Broken Hill,-31.95,141.4333,78.53,30,100,15.55,AU,2022-02-13 20:14:46,overcast clouds
193,Anadyr,64.75,177.4833,-40.07,99,85,6.85,RU,2022-02-13 20:10:12,overcast clouds
194,High Level,58.5169,-117.136,1.51,71,75,4.61,CA,2022-02-13 20:14:47,broken clouds
195,Meulaboh,4.1363,96.1285,76.33,90,88,4.85,ID,2022-02-13 20:14:47,overcast clouds
196,Heihe,50.2441,127.4902,-3.42,96,98,5.93,CN,2022-02-13 20:14:48,overcast clouds
197,Camapua,-19.5314,-54.0439,90.46,41,92,4.14,BR,2022-02-13 20:14:48,overcast clouds
198,Vostok,46.4856,135.8833,2.7,98,100,1.19,RU,2022-02-13 20:14:23,overcast clouds
199,Caraballeda,10.6112,-66.8522,89.37,50,88,13.47,VE,2022-02-13 20:14:49,overcast clouds
200,Bilibino,68.0546,166.4372,-32.6,100,87,2.37,RU,2022-02-13 20:14:49,overcast clouds
201,Deputatskiy,69.3,139.9,-22.02,96,83,6.78,RU,2022-02-13 20:14:49,broken clouds
202,Ulladulla,-35.35,150.4667,62.87,79,100,7.16,AU,2022-02-13 20:14:50,overcast clouds
203,Jalu,29.0331,21.5482,56.95,48,81,7.45,LY,2022-02-13 20:11:41,broken clouds
204,Lazaro Cardenas,17.9583,-102.2,85.75,42,64,9.51,MX,2022-02-13 20:13:48,broken clouds
205,Maniitsoq,65.4167,-52.9,3.02,87,100,15.73,GL,2022-02-13 20:14:51,light snow
206,Senanga,-16.1167,23.2667,71.1,74,69,1.54,ZM,2022-02-13 20:14:51,broken clouds
207,Golpayegan,33.4537,50.2884,37.51,55,0,4.09,IR,2022-02-13 20:14:52,clear sky
208,Nizamabad,18.6667,78.1167,66.56,29,5,5.73,IN,2022-02-13 20:14:52,clear sky
209,Manga,11.6636,-1.0731,83.01,11,8,8.34,BF,2022-02-13 20:14:52,clear sky
210,Kez,57.8979,53.7152,2.77,100,96,3.15,RU,2022-02-13 20:14:53,overcast clouds
211,Gladstone,-23.85,151.25,71.78,78,7,10.36,AU,2022-02-13 20:14:53,clear sky
212,Turukhansk,65.8167,87.9833,-7.42,88,17,11.41,RU,2022-02-13 20:10:40,few clouds
213,Hoquiam,46.9809,-123.8893,56.93,69,0,10.36,US,2022-02-13 20:14:54,clear sky
214,Talara,-4.5772,-81.2719,86.76,48,0,12.66,PE,2022-02-13 20:14:55,clear sky
215,Guarapari,-20.6667,-40.4975,82.29,85,34,11.61,BR,2022-02-13 20:14:55,scattered clouds
216,Farmington,36.7281,-108.2187,52.86,20,0,3.0,US,2022-02-13 20:13:35,clear sky
217,Lebu,-37.6167,-73.65,65.7,72,84,11.63,CL,2022-02-13 20:14:56,broken clouds
218,Pevek,69.7008,170.3133,-17.43,98,100,8.88,RU,2022-02-13 20:14:56,overcast clouds
219,Hinton,53.4001,-117.5857,46.44,78,100,1.9,CA,2022-02-13 20:14:57,overcast clouds
220,Necochea,-38.5473,-58.7368,69.94,36,1,7.11,AR,2022-02-13 20:14:57,clear sky
221,Samarai,-10.6167,150.6667,80.15,75,32,5.86,PG,2022-02-13 20:10:47,scattered clouds
222,Hervey Bay,-25.2986,152.8535,68.11,78,13,18.39,AU,2022-02-13 20:15:58,few clouds
223,Guerrero Negro,27.9769,-114.0611,80.01,21,15,4.81,MX,2022-02-13 20:15:59,few clouds
224,Qaqortoq,60.7167,-46.0333,27.1,88,100,8.23,GL,2022-02-13 20:15:59,overcast clouds
225,Dikson,73.5069,80.5464,-4.09,87,100,25.34,RU,2022-02-13 20:11:11,overcast clouds
226,Iranshahr,27.2025,60.6848,62.94,48,0,4.61,IR,2022-02-13 20:16:00,clear sky
227,Diffa,13.3154,12.6113,73.56,11,0,6.24,NE,2022-02-13 20:16:00,clear sky
228,Lundazi,-12.2929,33.1782,63.34,95,98,3.2,ZM,2022-02-13 20:16:00,light rain
229,Praia,14.9215,-23.5087,73.94,73,0,17.27,CV,2022-02-13 20:15:11,clear sky
230,Kaitangata,-46.2817,169.8464,50.0,86,16,2.86,NZ,2022-02-13 20:16:01,few clouds
231,Richards Bay,-28.783,32.0377,75.78,91,44,4.5,ZA,2022-02-13 20:16:02,scattered clouds
232,Poum,-20.2333,164.0167,81.57,78,94,13.53,NC,2022-02-13 20:15:40,overcast clouds
233,Seoul,37.5683,126.9778,31.44,93,0,3.44,KR,2022-02-13 20:16:02,clear sky
234,East London,-33.0153,27.9116,73.54,82,71,8.32,ZA,2022-02-13 20:16:03,broken clouds
235,Sabha,27.0377,14.4283,57.06,24,0,8.81,LY,2022-02-13 20:16:03,clear sky
236,Dukat,62.55,155.55,-28.25,100,31,3.69,RU,2022-02-13 20:16:04,scattered clouds
237,Klobuck,50.9008,18.9367,36.16,46,3,16.22,PL,2022-02-13 20:16:04,clear sky
238,Fernley,39.608,-119.2518,65.98,23,1,1.01,US,2022-02-13 20:11:06,clear sky
239,Trairi,-3.2778,-39.2689,81.79,74,14,10.63,BR,2022-02-13 20:16:05,few clouds
240,Along,28.1667,94.7667,44.15,63,0,2.01,IN,2022-02-13 20:16:05,clear sky
241,Sokoni,-6.4333,39.55,80.13,80,97,12.46,TZ,2022-02-13 20:16:06,overcast clouds
242,Arraial Do Cabo,-22.9661,-42.0278,80.46,78,40,14.97,BR,2022-02-13 20:12:12,scattered clouds
243,Horsham,51.064,-0.3272,50.56,91,75,16.11,GB,2022-02-13 20:16:06,moderate rain
244,Ardahan,41.1087,42.7022,9.0,97,100,1.66,TR,2022-02-13 20:16:07,overcast clouds
245,Guaiuba,-4.0397,-38.6372,83.64,70,29,7.61,BR,2022-02-13 20:13:25,scattered clouds
246,Zhuanghe,39.7008,122.9911,27.66,95,100,3.76,CN,2022-02-13 20:16:07,snow
247,Georgetown,5.4112,100.3354,79.9,90,40,3.44,MY,2022-02-13 20:16:08,light rain
248,Ekibastuz,51.6667,75.3667,5.85,96,92,4.61,KZ,2022-02-13 20:16:08,overcast clouds
249,Avarua,-21.2078,-159.775,82.45,74,20,2.3,CK,2022-02-13 20:15:15,few clouds
250,Sao Filipe,14.8961,-24.4956,75.6,59,52,11.52,CV,2022-02-13 20:16:09,broken clouds
251,Hay River,60.8156,-115.7999,-11.22,70,75,2.3,CA,2022-02-13 20:16:09,broken clouds
252,Adrar,20.5022,-10.0711,66.02,19,46,10.18,MR,2022-02-13 20:13:02,scattered clouds
253,Kendari,-3.945,122.4989,74.16,94,86,4.63,ID,2022-02-13 20:16:10,overcast clouds
254,Bambous Virieux,-20.3428,57.7575,81.21,83,81,13.71,MU,2022-02-13 20:13:30,broken clouds
255,Smolenka,52.1352,113.4974,-29.13,68,20,0.0,RU,2022-02-13 20:16:11,few clouds
256,Prince Rupert,54.3161,-130.3201,46.49,76,100,11.5,CA,2022-02-13 20:15:27,overcast clouds
257,Comodoro Rivadavia,-45.8667,-67.5,80.46,39,20,19.57,AR,2022-02-13 20:15:39,few clouds
258,Ponta Do Sol,32.6667,-17.1,65.07,72,96,2.33,PT,2022-02-13 20:13:47,overcast clouds
259,Lorengau,-2.0226,147.2712,80.33,79,100,1.54,PG,2022-02-13 20:16:12,overcast clouds
260,Murgab,37.4966,61.9714,40.87,65,3,0.0,TM,2022-02-13 20:16:12,clear sky
261,Tecoanapa,16.5167,-98.75,85.12,50,66,12.21,MX,2022-02-13 20:16:13,broken clouds
262,Los Llanos De Aridane,28.6585,-17.9182,62.35,66,20,10.36,ES,2022-02-13 20:13:02,few clouds
263,Aspindza,41.5739,43.2483,17.71,89,74,5.23,GE,2022-02-13 20:16:13,broken clouds
264,Port Moresby,-9.4431,147.1797,76.42,88,75,3.44,PG,2022-02-13 20:16:14,broken clouds
265,Leninskoye,41.7589,69.3864,37.33,84,100,4.88,KZ,2022-02-13 20:16:14,overcast clouds
266,Mahajanga,-15.7167,46.3167,79.75,79,1,4.0,MG,2022-02-13 20:16:15,light rain
267,Yaan,7.3833,8.5667,87.01,11,99,3.74,NG,2022-02-13 20:16:16,overcast clouds
268,Maiduguri,11.8464,13.1603,73.87,16,23,7.74,NG,2022-02-13 20:17:16,few clouds
269,Vestmanna,62.1564,-7.1664,32.92,64,100,18.41,FO,2022-02-13 20:17:16,overcast clouds
270,Ghanzi,-21.5667,21.7833,73.78,53,12,2.91,BW,2022-02-13 20:17:17,few clouds
271,Bengkulu,-3.8004,102.2655,76.21,89,100,3.96,ID,2022-02-13 20:17:17,overcast clouds
272,Santa Marta,11.2408,-74.199,84.42,62,28,18.34,CO,2022-02-13 20:17:18,scattered clouds
273,Saint-Augustin,51.226,-58.6502,1.92,75,1,11.39,CA,2022-02-13 20:16:51,clear sky
274,Bolgar,54.95,49.0667,28.31,93,25,10.11,RU,2022-02-13 20:17:19,snow
275,Skibbereen,51.55,-9.2667,40.8,78,7,8.93,IE,2022-02-13 20:17:19,clear sky
276,Tutoia,-2.7619,-42.2744,85.98,72,9,11.68,BR,2022-02-13 20:17:20,clear sky
277,Cockburn Town,21.4612,-71.1419,77.88,78,0,15.93,TC,2022-02-13 20:12:46,clear sky
278,Camabatela,-8.1881,15.375,61.47,93,100,0.69,AO,2022-02-13 20:17:20,light rain
279,Zonguldak,41.25,31.8333,35.82,97,100,3.65,TR,2022-02-13 20:17:21,overcast clouds
280,Jimma,7.6667,36.8333,66.45,50,78,2.51,ET,2022-02-13 20:17:21,broken clouds
281,Palmer,42.1584,-72.3287,31.64,64,100,5.75,US,2022-02-13 20:14:44,light snow
282,Antalaha,-14.9003,50.2788,75.36,91,27,4.72,MG,2022-02-13 20:14:06,scattered clouds
283,Kloulklubed,7.0419,134.2556,80.71,83,100,20.92,PW,2022-02-13 20:17:22,light rain
284,Broome,42.2506,-75.833,24.01,59,100,8.05,US,2022-02-13 20:17:22,overcast clouds
285,Krasnoarmeysk,51.0239,45.6969,23.29,92,95,13.47,RU,2022-02-13 20:17:23,overcast clouds
286,Bohuslav,49.5494,30.8744,30.07,74,9,7.67,UA,2022-02-13 20:17:24,clear sky
287,Kudahuvadhoo,2.6708,72.8944,81.55,78,100,10.83,MV,2022-02-13 20:17:24,overcast clouds
288,Fortuna,40.5982,-124.1573,48.54,54,84,3.83,US,2022-02-13 20:17:25,broken clouds
289,Ormara,25.2088,64.6357,70.95,72,5,10.78,PK,2022-02-13 20:17:25,clear sky
290,Chingirlau,51.095,54.0814,15.44,96,100,8.93,KZ,2022-02-13 20:14:26,light snow
291,Kandete,-9.15,33.8,60.87,92,100,3.49,TZ,2022-02-13 20:17:26,overcast clouds
292,Kismayo,-0.3582,42.5454,77.41,82,69,15.84,SO,2022-02-13 20:16:32,broken clouds
293,Grand Gaube,-20.0064,57.6608,81.37,78,89,3.0,MU,2022-02-13 20:17:27,overcast clouds
294,Illintsi,49.1048,29.2177,30.27,71,0,9.6,UA,2022-02-13 20:17:27,clear sky
295,Besskorbnaya,44.6447,41.311,22.86,88,13,7.25,RU,2022-02-13 20:17:28,few clouds
296,Dalvik,65.9702,-18.5286,-2.27,46,87,9.31,IS,2022-02-13 20:17:28,overcast clouds
297,Siuna,13.7332,-84.7773,79.72,81,14,6.89,NI,2022-02-13 20:17:28,few clouds
298,Vila Franca Do Campo,37.7167,-25.4333,61.2,74,2,5.32,PT,2022-02-13 20:13:24,clear sky
299,Huanren,41.2647,125.3667,18.14,94,100,2.19,CN,2022-02-13 20:17:29,light snow
300,Watertown,42.3709,-71.1828,31.51,84,100,9.22,US,2022-02-13 20:17:27,light snow
301,Klyuchi,52.2667,79.1667,23.95,94,100,11.92,RU,2022-02-13 20:15:01,overcast clouds
302,Pipri,19.8,75.5333,68.52,32,0,5.23,IN,2022-02-13 20:17:31,clear sky
303,Bonavista,48.6499,-53.1147,41.11,72,100,14.94,CA,2022-02-13 20:17:31,overcast clouds
304,Sur,22.5667,59.5289,71.98,68,0,4.0,OM,2022-02-13 20:14:02,clear sky
305,Zhangye,38.9342,100.4517,26.04,47,99,1.48,CN,2022-02-13 20:17:32,overcast clouds
306,San Cristobal,7.7669,-72.225,80.78,36,97,4.59,VE,2022-02-13 20:13:28,overcast clouds
307,Klaksvik,62.2266,-6.589,34.72,66,100,30.33,FO,2022-02-13 20:17:32,overcast clouds
308,Havoysund,70.9963,24.6622,21.43,84,100,7.9,NO,2022-02-13 20:17:33,overcast clouds
309,Asaka,35.8047,139.6019,37.8,92,100,12.24,JP,2022-02-13 20:17:33,snow
310,Nome,64.5011,-165.4064,-12.84,76,0,0.0,US,2022-02-13 20:17:19,clear sky
311,Ancud,-41.8697,-73.8203,79.23,72,24,6.06,CL,2022-02-13 20:17:34,few clouds
312,Baruun-Urt,46.6806,113.2792,-17.46,99,72,2.33,MN,2022-02-13 20:16:20,broken clouds
313,Lujiang,31.2581,117.2817,41.05,72,100,0.94,CN,2022-02-13 20:18:35,overcast clouds
314,Port-Gentil,-0.7193,8.7815,80.94,78,100,5.03,GA,2022-02-13 20:18:35,overcast clouds
315,Rio Grande,-32.035,-52.0986,80.71,44,0,15.28,BR,2022-02-13 20:18:35,clear sky
316,Nusaybin,37.0778,41.2178,48.11,40,25,5.32,TR,2022-02-13 20:18:36,scattered clouds
317,Ouesso,1.6136,16.0517,78.58,29,99,0.6,CG,2022-02-13 20:18:36,overcast clouds
318,Zapolyarnyy,69.4154,30.8136,15.08,95,100,14.14,RU,2022-02-13 20:18:37,light snow
319,Saint Anthony,45.0205,-93.218,9.93,52,0,11.5,US,2022-02-13 20:18:37,clear sky
320,Jiangkou,25.4872,119.1986,49.89,92,100,10.58,CN,2022-02-13 20:18:38,light rain
321,Omura,32.9214,129.9539,49.87,76,100,11.99,JP,2022-02-13 20:18:38,light rain
322,Yerbogachen,61.2767,108.0108,-29.34,100,92,3.49,RU,2022-02-13 20:18:39,overcast clouds
323,Isiro,2.7739,27.616,78.6,37,65,2.37,CD,2022-02-13 20:18:39,broken clouds
324,Ayorou,14.7308,0.9174,78.62,10,0,6.29,NE,2022-02-13 20:18:40,clear sky
325,Muswellbrook,-32.2667,150.9,60.33,94,9,0.45,AU,2022-02-13 20:18:40,clear sky
326,Cayenne,4.9333,-52.3333,82.44,83,75,16.11,GF,2022-02-13 20:15:11,broken clouds
327,Mackay,-21.15,149.2,75.69,71,34,20.6,AU,2022-02-13 20:18:41,scattered clouds
328,Kahului,20.8947,-156.47,77.97,73,40,12.66,US,2022-02-13 20:18:41,scattered clouds
329,Odesskoye,54.2111,72.9651,-8.72,100,14,6.64,RU,2022-02-13 20:18:42,few clouds
330,Baghdad,33.3406,44.4009,51.71,43,0,8.05,IQ,2022-02-13 20:17:26,clear sky
331,Petropavlovsk-Kamchatskiy,53.0452,158.6483,12.79,57,75,6.71,RU,2022-02-13 20:18:42,broken clouds
332,Kinshasa,-4.3246,15.3215,73.63,92,100,3.11,CD,2022-02-13 20:18:43,moderate rain
333,Laibin,23.7,109.2667,44.17,89,0,4.41,CN,2022-02-13 20:18:43,clear sky
334,Olafsvik,64.8945,-23.7142,29.8,93,100,10.89,IS,2022-02-13 20:18:44,snow
335,Kastamonu,41.5,33.6667,30.09,96,100,2.59,TR,2022-02-13 20:18:44,overcast clouds
336,Sisimiut,66.9395,-53.6735,3.65,90,100,28.25,GL,2022-02-13 20:18:45,light snow
337,Vanimo,-2.6741,141.3028,77.4,89,99,5.57,PG,2022-02-13 20:18:45,overcast clouds
338,Suoyarvi,62.0833,32.35,28.4,95,100,13.96,RU,2022-02-13 20:18:46,light snow
339,Saint-Georges,12.0564,-61.7485,79.54,67,33,14.65,GD,2022-02-13 20:18:46,scattered clouds
340,Mecca,21.4267,39.8261,75.67,38,0,2.46,SA,2022-02-13 20:18:43,clear sky
341,Port Macquarie,-31.4333,152.9167,64.89,79,99,2.04,AU,2022-02-13 20:18:47,overcast clouds
342,Estelle,29.8458,-90.1067,56.05,32,0,13.8,US,2022-02-13 20:18:47,clear sky
343,Manglaur,29.8,77.8667,52.65,67,0,3.83,IN,2022-02-13 20:18:47,clear sky
344,Lamu,-2.2717,40.902,79.02,86,66,12.82,KE,2022-02-13 20:18:48,broken clouds
345,Gaziantep,37.0594,37.3825,39.13,75,0,0.0,TR,2022-02-13 20:15:41,clear sky
346,Flin Flon,54.7682,-101.865,9.52,83,100,8.28,CA,2022-02-13 20:13:49,overcast clouds
347,Lampa,-33.2833,-70.9,84.96,33,0,19.57,CL,2022-02-13 20:17:05,clear sky
348,Redlands,34.0556,-117.1825,84.36,11,0,1.99,US,2022-02-13 20:16:26,clear sky
349,Gigmoto,13.7796,124.39,75.99,85,75,8.72,PH,2022-02-13 20:18:49,broken clouds
350,Constitucion,-35.3333,-72.4167,67.98,70,53,9.31,CL,2022-02-13 20:18:49,broken clouds
351,Bathsheba,13.2167,-59.5167,84.81,61,75,17.27,BB,2022-02-13 20:18:50,broken clouds
352,Saint-Pierre,-21.3393,55.4781,80.28,78,0,16.11,RE,2022-02-13 20:18:50,clear sky
353,Zambezi,-13.5432,23.1047,66.02,91,83,1.66,ZM,2022-02-13 20:18:51,light rain
354,Sechura,-5.5569,-80.8222,82.0,57,90,16.51,PE,2022-02-13 20:18:51,overcast clouds
355,Christchurch,-43.5333,172.6333,55.9,89,75,8.05,NZ,2022-02-13 20:16:23,broken clouds
356,Sao Jose Da Coroa Grande,-8.8978,-35.1478,82.53,71,8,13.85,BR,2022-02-13 20:18:52,clear sky
357,West Bay,19.3667,-81.4167,85.06,77,75,5.99,KY,2022-02-13 20:18:52,broken clouds
358,Marawi,7.9986,124.2928,63.64,91,100,2.95,PH,2022-02-13 20:18:53,overcast clouds
359,Ambilobe,-13.2,49.05,73.31,94,82,2.13,MG,2022-02-13 20:18:53,light rain
360,Tungor,53.3808,142.9564,-11.36,97,20,10.38,RU,2022-02-13 20:18:54,few clouds
361,Bettendorf,41.5245,-90.5157,17.64,63,75,12.66,US,2022-02-13 20:18:54,broken clouds
362,Ostrovnoy,68.0531,39.5131,15.66,66,100,17.31,RU,2022-02-13 20:19:55,overcast clouds
363,Sechelt,49.4664,-123.7694,56.88,69,55,6.53,CA,2022-02-13 20:19:55,broken clouds
364,Tshane,-24.0196,21.8684,80.38,31,56,6.49,BW,2022-02-13 20:19:56,broken clouds
365,Henties Bay,-22.116,14.2845,73.85,84,36,5.61,NA,2022-02-13 20:19:56,moderate rain
366,Koumac,-20.5667,164.2833,79.18,82,99,5.48,NC,2022-02-13 20:19:37,overcast clouds
367,Konevo,62.1215,39.3192,22.28,95,100,8.57,RU,2022-02-13 20:19:57,light snow
368,Ahipara,-35.1667,173.1667,64.69,68,78,9.46,NZ,2022-02-13 20:16:52,broken clouds
369,Myaundzha,63.0494,147.1858,-38.56,98,35,3.15,RU,2022-02-13 20:19:58,scattered clouds
370,Rundu,-17.9333,19.7667,68.47,82,41,5.39,NA,2022-02-13 20:19:58,light rain
371,Hovd,48.0056,91.6419,-13.27,81,15,3.09,MN,2022-02-13 20:19:59,few clouds
372,Yarmouth,41.7057,-70.2286,35.71,91,100,13.8,US,2022-02-13 20:19:59,mist
373,Morondava,-20.2833,44.2833,80.22,84,83,2.42,MG,2022-02-13 20:19:59,light rain
374,Emba,48.8264,58.1442,11.28,98,54,8.84,KZ,2022-02-13 20:20:00,broken clouds
375,Honiara,-9.4333,159.95,78.57,85,90,4.61,SB,2022-02-13 20:15:14,overcast clouds
376,Timra,62.487,17.3257,31.68,100,12,2.3,SE,2022-02-13 20:20:01,few clouds
377,Palembang,-2.9167,104.7458,78.89,89,40,2.3,ID,2022-02-13 20:20:02,light rain
378,Victor Harbor,-35.5667,138.6167,69.89,86,32,7.81,AU,2022-02-13 20:20:02,scattered clouds
379,Pisco,-13.7,-76.2167,78.85,53,0,16.11,PE,2022-02-13 20:20:03,clear sky
380,Dunedin,-45.8742,170.5036,54.81,75,5,3.36,NZ,2022-02-13 20:15:30,clear sky
381,Itabera,-23.8619,-49.1372,82.42,48,5,3.42,BR,2022-02-13 20:20:03,clear sky
382,Clyde River,70.4692,-68.5914,-23.57,69,75,16.11,CA,2022-02-13 20:20:04,broken clouds
383,Isoka,-10.1606,32.6335,60.48,96,97,2.98,ZM,2022-02-13 20:20:04,overcast clouds
384,Laukaa,58.7372,29.8453,31.19,82,100,12.24,RU,2022-02-13 20:20:05,snow
385,Dondo,-19.6094,34.7431,80.11,84,9,5.01,MZ,2022-02-13 20:20:06,clear sky
386,Port Blair,11.6667,92.75,73.44,78,20,2.3,IN,2022-02-13 20:20:06,mist
387,Kroya,-7.6331,109.2461,76.1,89,100,4.85,ID,2022-02-13 20:20:07,moderate rain
388,Bundaberg,-24.85,152.35,68.29,93,4,6.91,AU,2022-02-13 20:20:07,clear sky
389,Saint George,37.1041,-113.5841,70.54,17,0,1.99,US,2022-02-13 20:19:38,clear sky
390,Yumen,40.2833,97.2,27.16,42,100,12.41,CN,2022-02-13 20:20:08,overcast clouds
391,Beyneu,45.3167,55.2,31.14,74,100,20.96,KZ,2022-02-13 20:20:08,overcast clouds
392,Sabang,5.8933,95.3214,81.61,74,49,8.75,ID,2022-02-13 20:17:08,scattered clouds
393,Viedma,-40.8135,-62.9967,92.39,13,0,7.9,AR,2022-02-13 20:20:09,clear sky
394,Berdigestyakh,62.0989,126.6992,-28.59,100,100,1.59,RU,2022-02-13 20:20:09,overcast clouds
395,Markova,48.6758,24.4138,23.47,78,2,6.17,UA,2022-02-13 20:20:10,clear sky
396,Dzilam Gonzalez,21.2833,-88.9333,75.06,65,84,11.27,MX,2022-02-13 20:20:10,broken clouds
397,Noyabrsk,63.1994,75.4507,-11.96,99,100,9.51,RU,2022-02-13 20:20:11,overcast clouds
398,Marsh Harbour,26.5412,-77.0636,75.51,80,100,19.28,BS,2022-02-13 20:20:11,heavy intensity rain
399,Fairbanks,64.8378,-147.7164,14.81,81,100,0.0,US,2022-02-13 20:20:02,light snow
400,Hengshan,45.2,130.9167,-11.74,99,50,3.69,CN,2022-02-13 20:20:12,scattered clouds
401,Chapais,49.7834,-74.8492,-6.02,78,100,2.77,CA,2022-02-13 20:20:13,overcast clouds
402,Ishinomaki,38.4167,141.3,32.85,72,100,9.8,JP,2022-02-13 20:20:13,overcast clouds
403,Narragansett,41.4501,-71.4495,31.57,80,100,8.05,US,2022-02-13 20:20:14,light shower snow
404,Zalesovo,53.9939,84.7431,18.5,95,100,12.88,RU,2022-02-13 20:20:14,snow
405,Ixtapa,20.7,-105.2,78.03,53,75,9.22,MX,2022-02-13 20:15:36,broken clouds
406,Tekeli,44.83,78.8239,26.17,82,100,5.3,KZ,2022-02-13 20:20:15,overcast clouds
407,Shimoda,34.6667,138.95,36.1,91,100,23.87,JP,2022-02-13 20:21:15,light rain
408,Tuy Hoa,13.0833,109.3,73.99,92,94,4.81,VN,2022-02-13 20:17:55,overcast clouds
409,Lubao,14.9167,120.55,78.15,89,100,5.28,PH,2022-02-13 20:21:16,overcast clouds
410,Quatre Cocos,-20.2078,57.7625,81.09,83,76,14.34,MU,2022-02-13 20:21:16,broken clouds
411,Balakhninskiy,58.0106,114.2769,-37.82,100,47,2.86,RU,2022-02-13 20:21:17,scattered clouds
412,Nassau,40.7507,-73.5829,32.76,81,100,10.36,US,2022-02-13 20:21:17,light snow
413,Kruisfontein,-34.0033,24.7314,65.23,91,16,7.49,ZA,2022-02-13 20:19:50,few clouds
414,Jieshi,22.8134,115.8257,55.94,86,100,6.15,CN,2022-02-13 20:21:18,light rain
415,Port Hedland,-20.3167,118.5667,84.25,74,4,10.36,AU,2022-02-13 20:21:19,clear sky
416,Havre-Saint-Pierre,50.2334,-63.5986,5.0,60,0,10.36,CA,2022-02-13 20:21:19,clear sky
417,Eirunepe,-6.6603,-69.8736,74.86,97,100,2.82,BR,2022-02-13 20:21:19,overcast clouds
418,Wamba,8.9333,8.6,79.74,14,9,3.09,NG,2022-02-13 20:21:20,clear sky
419,Provideniya,64.3833,-173.3,-14.48,95,19,3.15,RU,2022-02-13 20:21:20,few clouds
420,Kumi,36.1136,128.336,35.28,92,22,1.99,KR,2022-02-13 20:21:21,few clouds
421,Valparaiso,-33.0393,-71.6273,70.03,69,75,12.66,CL,2022-02-13 20:21:21,broken clouds
422,Kirkwall,58.9848,-2.9587,39.25,100,75,0.0,GB,2022-02-13 20:21:21,broken clouds
423,Umm Lajj,25.0213,37.2685,68.18,36,0,15.55,SA,2022-02-13 20:21:22,clear sky
424,Albacete,38.8333,-2.0,49.01,62,0,6.91,ES,2022-02-13 20:21:22,clear sky
425,Ganganagar,29.9167,73.8833,54.79,38,0,7.07,IN,2022-02-13 20:21:23,clear sky
426,Esperance,-33.8667,121.9,61.59,74,0,10.65,AU,2022-02-13 20:21:23,clear sky
427,Two Hills,53.7169,-111.7518,36.48,86,89,21.85,CA,2022-02-13 20:21:24,overcast clouds
428,Songjianghe,42.1859,127.479,13.15,95,100,2.33,CN,2022-02-13 20:21:24,light snow
429,Svetlopolyansk,59.4184,52.3605,-0.33,100,86,2.84,RU,2022-02-13 20:21:14,overcast clouds
430,Santa Cruz De La Palma,28.6835,-17.7642,65.14,63,20,6.91,ES,2022-02-13 20:21:25,few clouds
431,Bella Union,-30.2752,-57.6007,84.2,18,0,8.01,UY,2022-02-13 20:21:26,clear sky
432,Belmonte,-15.8631,-38.8828,82.4,87,100,10.42,BR,2022-02-13 20:21:27,overcast clouds
433,Kedrovyy,56.1667,91.8167,-17.14,99,44,5.12,RU,2022-02-13 20:21:27,scattered clouds
434,Praia Da Vitoria,38.7333,-27.0667,57.76,77,75,7.07,PT,2022-02-13 20:21:28,broken clouds
435,Elat,29.5581,34.9482,62.44,34,0,13.8,IL,2022-02-13 20:21:28,clear sky
436,Kosikha,53.3617,84.5822,21.97,95,100,13.2,RU,2022-02-13 20:21:29,light snow
437,Camacupa,-12.0167,17.4833,61.83,95,73,2.04,AO,2022-02-13 20:21:29,light rain
438,Hailin,44.5833,129.4167,-5.82,98,100,2.39,CN,2022-02-13 20:21:30,overcast clouds
439,Kishtwar,33.3167,75.7667,40.55,71,100,4.34,IN,2022-02-13 20:21:30,overcast clouds
440,Mitzic,0.7821,11.549,71.87,90,99,3.67,GA,2022-02-13 20:21:31,overcast clouds
441,Chicama,-7.8447,-79.1469,72.14,53,74,11.68,PE,2022-02-13 20:21:31,broken clouds
442,Egvekinot,66.3167,-179.1667,-19.95,92,90,7.23,RU,2022-02-13 20:21:31,overcast clouds
443,Bergheim,50.9557,6.6399,50.2,69,100,1.99,DE,2022-02-13 20:21:32,overcast clouds
444,Serenje,-13.2325,30.2352,62.31,95,90,3.53,ZM,2022-02-13 20:21:32,overcast clouds
445,Sena Madureira,-9.0656,-68.6569,80.85,89,83,3.87,BR,2022-02-13 20:21:33,broken clouds
446,Pandamatenga,-18.5278,25.627,67.91,72,1,2.51,BW,2022-02-13 20:21:33,clear sky
447,Mednogorsk,51.4128,57.595,13.08,99,100,8.72,RU,2022-02-13 20:21:34,overcast clouds
448,Yuxia,34.0615,108.6291,36.21,68,89,2.3,CN,2022-02-13 20:21:34,overcast clouds
449,Acarau,-2.8856,-40.12,82.47,72,8,15.21,BR,2022-02-13 20:21:35,clear sky
450,Takhtamygda,54.1,123.5667,-5.73,95,100,2.53,RU,2022-02-13 20:21:35,overcast clouds
451,Linxia,35.6003,103.2064,12.72,80,68,3.38,CN,2022-02-13 20:21:35,broken clouds
452,Jha Jha,24.7667,86.3667,58.15,48,0,3.09,IN,2022-02-13 20:21:36,clear sky
453,Dalgopol,43.05,27.35,39.79,85,99,2.73,BG,2022-02-13 20:21:36,overcast clouds
454,Kalmunai,7.4167,81.8167,76.03,83,98,6.33,LK,2022-02-13 20:21:37,overcast clouds
455,Arcos De La Frontera,36.7508,-5.8106,58.12,76,100,1.99,ES,2022-02-13 20:21:37,overcast clouds
456,Bayir,37.2687,28.2167,41.52,90,17,3.44,TR,2022-02-13 20:22:38,few clouds
457,Inverell,-29.7833,151.1167,58.1,83,0,1.01,AU,2022-02-13 20:22:38,clear sky
458,Mareeba,-17.0,145.4333,70.52,91,14,2.28,AU,2022-02-13 20:22:38,few clouds
459,Yonago,35.4333,133.3333,46.33,57,75,20.71,JP,2022-02-13 20:22:39,broken clouds
460,Otukpo,7.1913,8.1329,83.88,13,97,3.69,NG,2022-02-13 20:22:39,overcast clouds
461,Bacolod,10.6667,122.95,75.94,85,98,4.14,PH,2022-02-13 20:22:40,overcast clouds
462,Zheleznodorozhnyy,55.7503,38.0042,29.75,88,100,8.79,RU,2022-02-13 20:22:40,light snow
463,Zhezkazgan,47.8043,67.7144,28.69,98,100,10.11,KZ,2022-02-13 20:22:41,light snow
464,Liepaja,56.5419,21.0367,37.45,81,0,14.97,LV,2022-02-13 20:22:41,clear sky
465,Kendrapara,20.5042,86.416,59.41,49,15,4.25,IN,2022-02-13 20:22:42,few clouds
466,Kurkino,53.4257,38.6582,21.69,87,100,11.3,RU,2022-02-13 20:22:42,overcast clouds
467,Jasper,37.2001,-94.3502,45.05,37,0,14.97,US,2022-02-13 20:22:43,clear sky
468,The Pas,53.8251,-101.2541,5.02,72,0,6.91,CA,2022-02-13 20:22:43,clear sky
469,Tuatapere,-46.1333,167.6833,51.82,83,11,4.07,NZ,2022-02-13 20:22:43,few clouds
470,Churapcha,62.0025,132.4325,-30.01,100,89,2.15,RU,2022-02-13 20:22:44,overcast clouds
471,Jiaocheng,24.6774,116.1389,48.22,96,99,3.67,CN,2022-02-13 20:22:44,overcast clouds
472,Aykhal,66.0,111.5,-8.77,50,15,0.96,RU,2022-02-13 20:22:45,few clouds
473,Nantucket,41.2835,-70.0995,37.51,86,100,17.27,US,2022-02-13 20:21:17,overcast clouds
474,Suna,57.8338,50.0588,2.41,100,99,3.53,RU,2022-02-13 20:22:45,light snow
475,Alyangula,-13.8483,136.4192,81.36,67,36,8.5,AU,2022-02-13 20:22:46,scattered clouds
476,Frekhaug,60.5139,5.2435,43.12,91,100,5.59,NO,2022-02-13 20:22:46,moderate rain
477,Chivay,-15.6383,-71.6011,47.1,98,99,5.08,PE,2022-02-13 20:22:47,light rain
478,Malatya,38.5,38.0,26.65,80,0,4.61,TR,2022-02-13 20:22:47,clear sky
479,Hambantota,6.1241,81.1185,75.99,81,100,11.3,LK,2022-02-13 20:22:48,overcast clouds
480,North Platte,41.1239,-100.7654,56.98,27,0,14.97,US,2022-02-13 20:22:48,clear sky
481,Tirumullaivasal,11.2333,79.8333,75.92,77,12,10.13,IN,2022-02-13 20:22:49,few clouds
482,Preobrazheniye,42.9019,133.9064,14.11,57,62,6.24,RU,2022-02-13 20:22:49,broken clouds
483,Anantnag,33.7333,75.15,39.72,62,99,1.74,IN,2022-02-13 20:22:50,overcast clouds
484,Puerto Madero,14.7208,-92.4215,88.0,62,20,11.5,MX,2022-02-13 20:22:50,few clouds
485,Beringovskiy,63.05,179.3167,-27.72,97,14,6.89,RU,2022-02-13 20:22:51,few clouds
486,Barybino,55.2677,37.8933,29.44,54,0,8.95,RU,2022-02-13 20:22:51,light snow
487,Urusha,54.05,122.9,-7.02,92,100,2.59,RU,2022-02-13 20:22:52,overcast clouds
488,Batemans Bay,-35.7167,150.1833,64.09,80,100,4.56,AU,2022-02-13 20:22:52,overcast clouds
489,Wabrzezno,53.2799,18.9477,35.2,78,54,12.06,PL,2022-02-13 20:22:53,broken clouds
490,Pascagoula,30.3658,-88.5561,55.45,25,0,13.8,US,2022-02-13 20:20:21,clear sky
491,Petatlan,17.5167,-101.2667,89.4,37,100,7.0,MX,2022-02-13 20:22:53,overcast clouds
492,Nizhniy Kuranakh,58.8353,125.4869,-23.98,100,100,2.59,RU,2022-02-13 20:22:54,overcast clouds
493,San Antonio,29.4241,-98.4936,67.12,23,0,9.22,US,2022-02-13 20:22:18,clear sky
494,Padang,-0.9492,100.3543,76.5,84,100,4.0,ID,2022-02-13 20:22:55,overcast clouds
495,Anamur,36.0751,32.8369,55.42,70,10,9.35,TR,2022-02-13 20:22:55,clear sky
496,Santa Cruz,-17.8,-63.1667,85.46,48,75,13.8,BO,2022-02-13 20:22:55,broken clouds
497,Bac,45.3919,19.2367,36.93,77,8,5.73,RS,2022-02-13 20:22:56,clear sky
498,Klenovyy,48.1193,39.4588,25.32,90,5,2.53,UA,2022-02-13 20:22:56,clear sky
499,Mitsamiouli,-11.3847,43.2844,80.83,80,9,2.3,KM,2022-02-13 20:22:57,clear sky
500,Malakal,9.5334,31.6605,84.25,16,0,7.76,SS,2022-02-13 20:23:57,clear sky
501,Husavik,66.0449,-17.3389,-2.29,80,71,14.05,IS,2022-02-13 20:23:58,broken clouds
502,Watsa,3.0372,29.5355,74.39,37,28,1.52,CD,2022-02-13 20:23:58,scattered clouds
503,Vizinga,61.0749,50.1031,2.68,100,97,3.38,RU,2022-02-13 20:23:59,overcast clouds
504,Itum-Kale,42.7356,45.5758,25.97,75,16,4.83,RU,2022-02-13 20:23:59,few clouds
505,Champerico,14.3,-91.9167,95.54,56,2,9.53,GT,2022-02-13 20:24:00,clear sky
506,Asten,51.4042,5.7486,51.1,68,100,7.0,NL,2022-02-13 20:24:01,overcast clouds
507,Shahreza,32.0339,51.8794,40.35,52,0,4.83,IR,2022-02-13 20:22:20,clear sky
508,Sioux Lookout,50.1001,-91.917,-2.13,50,75,6.91,CA,2022-02-13 20:24:01,broken clouds
509,San Andres,12.5847,-81.7006,86.02,66,40,13.8,CO,2022-02-13 20:24:02,scattered clouds
510,Springbok,-29.6643,17.8865,78.4,38,1,8.95,ZA,2022-02-13 20:24:02,clear sky
511,Grand-Lahou,5.1367,-5.0242,78.51,86,100,5.19,CI,2022-02-13 20:24:02,light rain
512,Aflao,6.116,1.1914,84.33,79,20,9.22,TG,2022-02-13 20:24:03,few clouds
513,Abomey-Calavi,6.4485,2.3557,84.06,84,20,11.5,BJ,2022-02-13 20:24:03,few clouds
514,Cap Malheureux,-19.9842,57.6142,81.46,79,90,5.99,MU,2022-02-13 20:24:04,overcast clouds
515,Batticaloa,7.7102,81.6924,77.49,80,97,8.88,LK,2022-02-13 20:24:04,overcast clouds
516,Goderich,43.7501,-81.7165,17.91,73,100,4.61,CA,2022-02-13 20:24:05,overcast clouds
517,Gat,31.61,34.7642,54.39,77,0,0.74,IL,2022-02-13 20:24:05,clear sky
518,Sri Aman,1.2376,111.4621,75.25,100,96,0.0,MY,2022-02-13 20:24:06,overcast clouds
519,Constantine,36.365,6.6147,47.61,71,40,1.14,DZ,2022-02-13 20:24:06,scattered clouds
520,Thaba-Tseka,-29.522,28.6084,58.55,83,95,0.13,LS,2022-02-13 20:24:06,moderate rain
521,Ponta Delgada,37.7333,-25.6667,61.5,72,75,8.05,PT,2022-02-13 20:24:07,broken clouds
522,Penzberg,47.75,11.3833,34.29,74,2,5.08,DE,2022-02-13 20:22:44,clear sky
523,Polonnaruwa,7.9333,81.0,71.49,94,98,1.81,LK,2022-02-13 20:24:08,overcast clouds
524,Arkhangelsk,64.5401,40.5433,3.31,85,0,4.47,RU,2022-02-13 20:24:08,clear sky
525,Rudnogorsk,57.2639,103.7519,-31.38,100,8,1.9,RU,2022-02-13 20:24:08,clear sky
526,Port Augusta,-32.5,137.7667,73.71,51,51,8.48,AU,2022-02-13 20:24:09,broken clouds
527,Baykit,61.67,96.37,-16.76,100,96,3.71,RU,2022-02-13 20:24:09,overcast clouds
528,Burnie,-41.0667,145.9167,58.95,94,57,4.63,AU,2022-02-13 20:24:10,broken clouds
529,Altamira,-3.2033,-52.2064,84.29,70,20,4.61,BR,2022-02-13 20:21:18,few clouds
530,Storsteinnes,69.2408,19.2344,22.37,95,97,6.55,NO,2022-02-13 20:24:11,overcast clouds
531,Yangambi,0.8102,24.4336,76.39,43,24,3.13,CD,2022-02-13 20:24:11,few clouds
532,Rio Gallegos,-51.6226,-69.2181,59.05,20,20,49.48,AR,2022-02-13 20:24:12,few clouds
533,Ronneby,56.21,15.276,37.9,87,75,9.22,SE,2022-02-13 20:24:12,broken clouds
534,Chumikan,54.7183,135.315,-13.09,94,96,5.28,RU,2022-02-13 20:22:17,overcast clouds
535,Itaituba,-4.2761,-55.9836,87.96,74,20,10.36,BR,2022-02-13 20:24:13,few clouds
536,Choszczno,53.169,15.4205,39.99,76,86,11.74,PL,2022-02-13 20:24:13,overcast clouds
537,Dymer,50.7865,30.3026,31.84,73,40,10.42,UA,2022-02-13 20:24:14,scattered clouds
538,Biak,-0.9131,122.8766,75.24,85,100,4.79,ID,2022-02-13 20:24:14,overcast clouds
539,Bay Roberts,47.5999,-53.2648,41.14,65,74,8.01,CA,2022-02-13 20:24:15,broken clouds
540,Nanortalik,60.1432,-45.2371,29.03,80,100,9.42,GL,2022-02-13 20:24:15,overcast clouds
541,Khandyga,62.6667,135.6,-42.2,100,69,2.33,RU,2022-02-13 20:24:15,broken clouds
542,Kabacan,7.1167,124.8167,72.23,88,97,3.49,PH,2022-02-13 20:24:16,overcast clouds
543,Bud,39.447,-86.1758,26.74,82,100,8.88,US,2022-02-13 20:24:16,light snow
544,Bosaso,11.2842,49.1816,73.53,72,13,2.55,SO,2022-02-13 20:24:17,few clouds
545,Bowen,-20.0167,148.2333,71.82,63,42,19.53,AU,2022-02-13 20:24:17,scattered clouds
546,San Quintin,30.4833,-115.95,76.03,20,9,7.52,MX,2022-02-13 20:25:18,clear sky
547,Dingle,10.9995,122.6711,74.28,93,91,6.38,PH,2022-02-13 20:25:18,overcast clouds
548,Coahuayana,18.7333,-103.6833,96.28,31,95,8.52,MX,2022-02-13 20:25:19,overcast clouds
549,Dryden,49.7833,-92.7503,-3.71,54,0,5.75,CA,2022-02-13 20:25:19,clear sky
550,Nanga Eboko,4.6833,12.3667,75.72,24,100,1.83,CM,2022-02-13 20:25:20,overcast clouds
551,Acapulco,16.8634,-99.8901,87.62,62,20,8.05,MX,2022-02-13 20:25:20,few clouds
552,Okhotsk,59.3833,143.3,-14.8,80,1,11.03,RU,2022-02-13 20:22:10,clear sky
553,Nogliki,51.8333,143.1667,-11.24,95,10,7.7,RU,2022-02-13 20:25:21,clear sky
554,Gorontalo,0.5412,123.0595,73.09,93,97,1.86,ID,2022-02-13 20:25:21,overcast clouds
555,Moyale,3.5167,39.0584,74.62,28,4,11.72,KE,2022-02-13 20:25:22,clear sky
556,Leshukonskoye,64.8989,45.7622,4.17,99,92,4.09,RU,2022-02-13 20:25:22,overcast clouds
557,Varadero,23.1536,-81.2514,77.76,81,100,12.33,CU,2022-02-13 20:21:55,overcast clouds
558,Yar-Sale,66.8333,70.8333,-12.03,94,100,9.08,RU,2022-02-13 20:22:45,overcast clouds
559,Voh,-20.9667,164.7,78.04,87,100,3.76,NC,2022-02-13 20:25:23,overcast clouds
560,Guthrie,35.8789,-97.4253,57.9,26,0,9.22,US,2022-02-13 20:25:23,clear sky
561,Katsuura,35.1333,140.3,38.1,97,100,30.96,JP,2022-02-13 20:22:50,light rain
562,Kendal,54.3268,-2.7476,45.91,97,100,9.55,GB,2022-02-13 20:25:24,overcast clouds
563,Tokur,53.1333,132.9,-14.22,100,88,3.24,RU,2022-02-13 20:25:24,overcast clouds
564,Faya,18.3851,42.4509,55.92,41,69,3.98,SA,2022-02-13 20:25:25,broken clouds
565,Chimoio,-19.1164,33.4833,73.26,78,75,1.41,MZ,2022-02-13 20:25:25,broken clouds
566,Lakes Entrance,-37.8811,147.981,67.15,68,100,4.34,AU,2022-02-13 20:25:26,overcast clouds
567,Lyuban,52.7985,28.0048,28.06,80,23,11.05,BY,2022-02-13 20:25:26,few clouds
568,Khasan,42.4308,130.6434,18.54,62,100,7.49,RU,2022-02-13 20:25:26,overcast clouds
569,Huarmey,-10.0681,-78.1522,77.31,69,5,12.41,PE,2022-02-13 20:25:27,clear sky
570,Teruel,40.6667,-0.6667,40.96,77,98,17.65,ES,2022-02-13 20:25:27,overcast clouds
571,Sosnovo-Ozerskoye,52.5249,111.5418,-25.96,100,97,4.43,RU,2022-02-13 20:25:28,overcast clouds
572,Dong Hoi,17.4833,106.6,66.0,91,100,13.87,VN,2022-02-13 20:25:28,overcast clouds
573,Sokoto,13.0609,5.239,79.21,10,58,9.4,NG,2022-02-13 20:21:31,broken clouds
574,Gari,59.4307,62.3497,4.33,97,96,4.18,RU,2022-02-13 20:25:29,overcast clouds
575,Krasnyy Kut,50.95,46.9667,20.75,94,70,9.71,RU,2022-02-13 20:25:29,broken clouds
576,Tura,25.5198,90.2201,54.39,70,0,4.59,IN,2022-02-13 20:25:30,clear sky
577,Dalbandin,28.8947,64.4101,55.98,40,25,8.55,PK,2022-02-13 20:25:30,scattered clouds
578,Hobyo,5.3505,48.5268,77.16,74,79,16.06,SO,2022-02-13 20:25:31,broken clouds
579,Puerto El Triunfo,13.2833,-88.55,99.46,54,23,13.44,SV,2022-02-13 20:25:31,few clouds
580,Takoradi,4.8845,-1.7554,79.52,84,24,8.37,GH,2022-02-13 20:25:31,light rain
581,Caravelas,-17.7125,-39.2481,79.74,76,90,9.73,BR,2022-02-13 20:25:32,overcast clouds
582,Kokopo,-4.352,152.2633,76.59,85,100,5.68,PG,2022-02-13 20:25:33,overcast clouds
583,Balkanabat,39.5108,54.3671,42.12,62,28,13.27,TM,2022-02-13 20:25:33,scattered clouds
584,Jutai,-5.1833,-68.9,75.76,97,100,2.89,BR,2022-02-13 20:25:33,moderate rain
585,Bocicoiu Mare,47.9667,24.0,30.65,87,22,3.33,RO,2022-02-13 20:25:34,few clouds
586,Maturin,9.75,-63.1767,91.18,32,82,12.41,VE,2022-02-13 20:20:37,broken clouds
587,Oga,46.4631,10.347,24.69,81,0,4.59,IT,2022-02-13 20:25:35,clear sky
588,Sainte-Anne-Des-Monts,49.124,-66.4924,1.27,78,54,11.5,CA,2022-02-13 20:21:41,broken clouds
589,Tuzha,57.6062,47.936,7.34,99,79,4.79,RU,2022-02-13 20:25:35,broken clouds
590,Beinamar,8.6698,15.3813,81.61,13,3,5.3,TD,2022-02-13 20:25:36,clear sky
591,Kabompo,-13.5927,24.2008,66.99,85,76,2.64,ZM,2022-02-13 20:25:36,light rain
592,Fallon,39.4735,-118.7774,61.45,25,20,0.0,US,2022-02-13 20:24:40,few clouds
593,Karratha,-20.7377,116.8463,84.02,63,84,7.49,AU,2022-02-13 20:25:37,broken clouds
594,Ilo,-17.6394,-71.3375,74.23,70,18,9.75,PE,2022-02-13 20:26:37,few clouds
595,Usinsk,65.9939,57.5281,9.63,96,99,9.4,RU,2022-02-13 20:26:37,overcast clouds
596,Jucuaran,13.2539,-88.2478,91.85,25,3,1.3,SV,2022-02-13 20:26:38,clear sky
597,Manado,1.487,124.8455,72.37,94,40,2.3,ID,2022-02-13 20:26:38,scattered clouds
598,Okha,53.5739,142.9478,-11.49,96,19,9.19,RU,2022-02-13 20:26:39,few clouds
599,Neverkino,52.7854,46.7417,25.25,94,100,11.92,RU,2022-02-13 20:26:39,overcast clouds
600,Ambanja,-13.6833,48.45,74.03,93,52,3.13,MG,2022-02-13 20:26:40,light rain
601,Namibe,-15.1961,12.1522,75.52,80,100,3.24,AO,2022-02-13 20:26:40,overcast clouds
602,Buenos Aires,-34.6132,-58.3772,81.79,33,0,5.75,AR,2022-02-13 20:23:10,clear sky
603,Ambon,-3.6954,128.1814,78.94,83,40,4.61,ID,2022-02-13 20:26:41,scattered clouds
604,Tortoli,39.9256,9.6572,51.62,87,20,10.36,IT,2022-02-13 20:26:41,few clouds
605,Muisne,0.6,-80.0333,82.51,81,100,6.08,EC,2022-02-13 20:25:22,light rain
606,Halifax,44.6453,-63.5724,32.49,73,100,5.75,CA,2022-02-13 20:23:05,overcast clouds
607,Sept-Iles,50.2001,-66.3821,6.06,57,75,10.36,CA,2022-02-13 20:23:33,broken clouds
608,Ternate,0.8,127.4,79.57,77,100,2.01,ID,2022-02-13 20:26:42,overcast clouds
609,Camopi,3.1655,-52.3158,77.95,95,100,3.42,GF,2022-02-13 20:26:43,overcast clouds
610,Ovalle,-30.5983,-71.2003,80.53,42,0,11.92,CL,2022-02-13 20:26:43,clear sky
611,Evensk,61.95,159.2333,-5.31,73,30,9.13,RU,2022-02-13 20:26:44,scattered clouds
612,Stephenville,32.2207,-98.2023,64.76,19,0,6.91,US,2022-02-13 20:26:44,clear sky
613,Olinda,-8.0089,-34.8553,83.93,70,75,8.05,BR,2022-02-13 20:26:44,broken clouds
614,Bayan,46.0833,127.4,-15.45,100,100,1.9,CN,2022-02-13 20:26:45,overcast clouds
615,Nizhniy Odes,63.6445,54.856,-2.6,100,100,2.91,RU,2022-02-13 20:26:46,overcast clouds
616,Sulangan,11.1373,123.7228,79.11,82,100,10.58,PH,2022-02-13 20:26:46,overcast clouds
617,Namatanai,-3.6667,152.4333,78.69,80,100,4.14,PG,2022-02-13 20:26:46,overcast clouds
618,Bintulu,3.1667,113.0333,77.41,94,20,0.0,MY,2022-02-13 20:26:47,few clouds
619,Wajima,37.4,136.9,38.89,67,85,20.0,JP,2022-02-13 20:26:47,overcast clouds
620,Bull Savanna,17.8868,-77.5902,82.29,55,5,14.74,JM,2022-02-13 20:26:48,clear sky
621,Peniche,39.3558,-9.3811,56.68,94,10,17.54,PT,2022-02-13 20:26:48,clear sky
622,Fort Nelson,58.8053,-122.7002,2.79,72,75,3.44,CA,2022-02-13 20:25:46,broken clouds
623,Praya,14.9215,-23.5087,73.94,73,0,17.27,CV,2022-02-13 20:26:49,clear sky
624,Dallas,32.7668,-96.7836,66.49,24,20,8.05,US,2022-02-13 20:23:49,few clouds
625,Quime,-16.9833,-67.2167,54.97,87,96,5.59,BO,2022-02-13 20:26:50,overcast clouds
626,Pitimbu,-7.4706,-34.8086,84.79,70,4,10.45,BR,2022-02-13 20:26:50,clear sky
627,Anloga,5.7947,0.8973,84.42,81,64,11.27,GH,2022-02-13 20:26:50,light rain
628,Luderitz,-26.6481,15.1594,75.22,62,0,12.1,NA,2022-02-13 20:26:51,clear sky
629,Mahon,39.8885,4.2658,54.16,82,40,8.05,ES,2022-02-13 20:26:51,scattered clouds
630,Asau,46.4333,26.4,29.95,84,100,3.71,RO,2022-02-13 20:26:52,overcast clouds
631,Flagstaff,35.1981,-111.6513,62.56,11,0,3.44,US,2022-02-13 20:25:30,clear sky
632,Maksatikha,57.797,35.8825,26.96,86,100,10.51,RU,2022-02-13 20:26:52,overcast clouds
633,Camacari,-12.6975,-38.3242,83.97,72,100,8.39,BR,2022-02-13 20:26:53,moderate rain
634,Williams Lake,52.1415,-122.1445,35.17,55,100,9.22,CA,2022-02-13 20:26:53,overcast clouds
635,Sacele,45.6174,25.6943,31.53,43,100,4.16,RO,2022-02-13 20:26:54,overcast clouds
636,Ankara,39.9199,32.8543,36.79,70,0,10.36,TR,2022-02-13 20:26:54,clear sky
637,Amarillo,35.222,-101.8313,61.03,19,0,11.5,US,2022-02-13 20:22:16,clear sky
638,Donskoye,45.4552,41.9741,29.07,69,0,4.56,RU,2022-02-13 20:26:55,clear sky
639,Nioki,-2.7167,17.6833,73.81,88,99,1.16,CD,2022-02-13 20:26:55,overcast clouds
640,West Odessa,31.8424,-102.4988,61.52,22,0,5.75,US,2022-02-13 20:26:55,clear sky
641,Sidmouth,50.6909,-3.2397,50.63,93,40,6.91,GB,2022-02-13 20:23:55,scattered clouds
642,Grindavik,63.8424,-22.4338,28.87,86,75,8.05,IS,2022-02-13 20:27:56,broken clouds
643,Soure,-0.7167,-48.5233,77.58,86,100,5.59,BR,2022-02-13 20:27:57,overcast clouds
644,Fare,-16.7,-151.0167,80.78,74,100,15.82,PF,2022-02-13 20:27:57,light rain
645,Vao,-22.6667,167.4833,79.57,85,100,7.85,NC,2022-02-13 20:27:57,overcast clouds
646,Honningsvag,70.9821,25.9704,20.95,79,100,17.27,NO,2022-02-13 20:27:58,overcast clouds
647,Tel Aviv-Yafo,32.0805,34.7805,55.69,80,0,4.61,IL,2022-02-13 20:27:58,clear sky
648,San Policarpo,12.1791,125.5072,78.64,80,99,12.57,PH,2022-02-13 20:27:59,overcast clouds
649,Tazovskiy,67.4667,78.7,-9.89,97,21,10.74,RU,2022-02-13 20:27:59,few clouds
650,Escanaba,45.7453,-87.0646,16.25,48,0,9.22,US,2022-02-13 20:28:00,clear sky
651,Khuzhir,53.1939,107.3397,-4.2,95,67,13.02,RU,2022-02-13 20:28:01,broken clouds
652,Aitape,-3.1374,142.3475,77.36,89,100,4.45,PG,2022-02-13 20:28:01,overcast clouds
653,Sistranda,63.7256,8.834,35.56,73,100,25.21,NO,2022-02-13 20:27:07,light rain
654,Krasne,49.9145,24.6134,29.55,56,12,7.65,UA,2022-02-13 20:28:02,few clouds
655,Mnogovershinnyy,53.9353,139.9242,-12.39,91,88,2.68,RU,2022-02-13 20:28:02,overcast clouds
656,Kondratovo,57.9804,56.1066,19.69,93,75,4.47,RU,2022-02-13 20:28:03,broken clouds
657,Astorga,-23.2325,-51.6656,91.8,50,12,4.56,BR,2022-02-13 20:28:03,few clouds
658,Chiang Rai,19.9167,99.9167,56.57,98,0,3.44,TH,2022-02-13 20:28:04,clear sky
659,Bubaque,11.2833,-15.8333,78.37,69,5,13.94,GW,2022-02-13 20:28:04,clear sky
660,Howard Springs,-12.497,131.047,76.91,95,79,5.03,AU,2022-02-13 20:28:05,broken clouds
661,Raga,8.4596,25.678,75.51,13,28,4.43,SS,2022-02-13 20:24:44,scattered clouds
662,Tomatlan,19.9333,-105.25,94.39,23,100,9.86,MX,2022-02-13 20:28:05,overcast clouds
663,San Clemente,33.427,-117.612,89.11,26,2,5.41,US,2022-02-13 20:23:06,clear sky
664,Sao Joao Da Barra,-21.6403,-41.0511,80.69,85,11,12.86,BR,2022-02-13 20:26:03,few clouds
665,Vaitape,-16.5167,-151.75,80.82,74,100,15.17,PF,2022-02-13 20:28:06,light rain
666,Pindushi,62.9152,34.58,29.16,95,100,12.62,RU,2022-02-13 20:28:07,snow
667,Dawlatabad,36.4141,64.9053,41.85,60,9,1.52,AF,2022-02-13 20:28:07,clear sky
668,Teguldet,57.3064,88.1667,-0.08,92,64,9.78,RU,2022-02-13 20:28:08,broken clouds
669,Porto Nacional,-10.7081,-48.4172,86.0,82,49,1.41,BR,2022-02-13 20:28:08,scattered clouds
670,Mubi,10.2676,13.2644,78.24,14,15,4.52,NG,2022-02-13 20:28:09,few clouds
671,Shitanjing,39.2342,106.3439,10.56,66,88,1.54,CN,2022-02-13 20:28:09,overcast clouds
672,Mangan,27.5167,88.5333,49.93,50,2,6.62,IN,2022-02-13 20:28:09,clear sky
673,Mayor Pablo Lagerenza,-19.9309,-60.7718,90.46,38,71,4.32,PY,2022-02-13 20:28:10,broken clouds
674,Melito Di Porto Salvo,37.9222,15.7714,58.21,71,20,5.75,IT,2022-02-13 20:28:10,few clouds
675,Pedasi,7.5333,-80.0333,83.44,65,66,8.03,PA,2022-02-13 20:28:11,broken clouds
676,Ust-Kuyga,70.0167,135.6,-11.9,90,100,6.8,RU,2022-02-13 20:28:11,overcast clouds
677,Beaverlodge,55.2166,-119.4361,38.55,69,100,5.39,CA,2022-02-13 20:28:12,overcast clouds
678,Otane,-39.8833,176.6333,58.01,79,85,8.95,NZ,2022-02-13 20:28:12,overcast clouds
679,Sal Rei,16.1833,-22.9167,72.16,77,100,20.04,CV,2022-02-13 20:28:12,overcast clouds
680,Alto Araguaia,-17.3147,-53.2153,80.62,69,94,2.17,BR,2022-02-13 20:28:13,overcast clouds
681,Amahai,-3.3333,128.9167,76.15,89,100,1.43,ID,2022-02-13 20:29:13,overcast clouds
682,Boralday,43.3578,76.8594,26.46,93,100,6.71,KZ,2022-02-13 20:29:14,mist
683,General Roca,-39.0333,-67.5833,91.8,9,37,8.59,AR,2022-02-13 20:29:14,scattered clouds
684,Poya,-21.35,165.15,79.2,85,100,4.07,NC,2022-02-13 20:29:15,overcast clouds
685,Santa Catalina,9.3337,122.8637,76.62,86,100,5.84,PH,2022-02-13 20:29:15,overcast clouds
686,Gobabis,-22.45,18.9667,67.48,80,100,10.92,NA,2022-02-13 20:29:16,light rain
687,Kautokeino,69.0125,23.0412,4.41,98,100,2.68,NO,2022-02-13 20:28:40,overcast clouds
688,Point Fortin,10.1833,-61.6833,85.93,63,81,6.46,TT,2022-02-13 20:29:16,broken clouds
689,Azad Shahr,34.7909,48.5707,32.56,49,0,2.71,IR,2022-02-13 20:29:17,clear sky
690,Mocorito,25.4833,-107.9167,92.48,8,100,2.26,MX,2022-02-13 20:29:17,overcast clouds
691,Seversk,56.6006,84.8864,13.15,80,100,8.01,RU,2022-02-13 20:29:18,overcast clouds
692,Rawson,-43.3002,-65.1023,89.74,21,0,19.89,AR,2022-02-13 20:29:18,clear sky
693,Xuddur,4.1213,43.8894,77.52,33,94,13.18,SO,2022-02-13 20:29:18,overcast clouds
694,Grand-Santi,4.25,-54.3833,81.1,82,52,4.41,GF,2022-02-13 20:29:19,broken clouds
695,Qui Nhon,13.7667,109.2333,73.99,91,92,7.92,VN,2022-02-13 20:29:19,overcast clouds
696,Xiongzhou,25.1167,114.3,45.61,94,100,3.51,CN,2022-02-13 20:29:20,overcast clouds
697,Tartagal,-22.5164,-63.8013,79.75,48,84,3.94,AR,2022-02-13 20:29:20,broken clouds
698,Mayfield,36.7417,-88.6367,38.71,49,0,12.84,US,2022-02-13 20:29:20,clear sky
699,Sitka,57.0531,-135.33,37.29,75,100,0.0,US,2022-02-13 20:29:21,light rain
700,Okato,-39.2,173.8833,61.92,72,53,12.66,NZ,2022-02-13 20:29:21,broken clouds
701,Maningrida,-12.0667,134.2667,76.21,84,8,6.42,AU,2022-02-13 20:29:22,clear sky
702,Pangkalanbuun,-2.6833,111.6167,74.68,96,100,2.15,ID,2022-02-13 20:29:22,overcast clouds
703,Shergarh,28.65,79.35,53.22,64,0,3.58,IN,2022-02-13 20:29:22,clear sky
704,Akureyri,65.6835,-18.0878,-2.27,84,0,0.0,IS,2022-02-13 20:29:23,clear sky
705,Toyooka,35.5333,134.8333,41.07,76,100,11.18,JP,2022-02-13 20:29:23,overcast clouds
706,Tevaitoa,-16.7833,-151.5,80.74,74,100,15.3,PF,2022-02-13 20:29:24,light rain
707,Irituia,-1.7711,-47.4381,76.08,95,100,3.27,BR,2022-02-13 20:29:24,overcast clouds
